ISO-10303-21;
HEADER;
FILE_DESCRIPTION(('a solid brep written by cadaclysm'),'2;1');
FILE_NAME('body.stp','2026-09-08T06:15:12',(''),(''),'cadaclysm 0.1.0','cadaclysm 0.1.0','');
FILE_SCHEMA(('CONFIG_CONTROL_DESIGN'));
ENDSEC;
DATA;
#1=(LENGTH_UNIT()NAMED_UNIT(*)SI_UNIT(.MILLI.,.METRE.));
#2=(NAMED_UNIT(*)PLANE_ANGLE_UNIT()SI_UNIT($,.RADIAN.));
#3=(NAMED_UNIT(*)SI_UNIT($,.STERADIAN.)SOLID_ANGLE_UNIT());
#4=UNCERTAINTY_MEASURE_WITH_UNIT(LENGTH_MEASURE(1.E-6),#1,'distance_accuracy_value','Maximum model space distance between geometric entities at asserted connectivities');
#5=(GEOMETRIC_REPRESENTATION_CONTEXT(3)GLOBAL_UNCERTAINTY_ASSIGNED_CONTEXT((#4))GLOBAL_UNIT_ASSIGNED_CONTEXT((#1,#2,#3))REPRESENTATION_CONTEXT('ID1','3D'));
#6=CARTESIAN_POINT('',(0.,0.,41.));
#7=DIRECTION('',(-0.,-0.,-1.));
#8=DIRECTION('',(1.,0.,0.));
#9=AXIS2_PLACEMENT_3D('',#6,#7,#8);
#10=CONICAL_SURFACE('',#9,50.,0.7853981633974483);
#11=DIRECTION('',(0.,0.,1.));
#12=AXIS2_PLACEMENT_3D('',#6,#11,#8);
#13=CIRCLE('',#12,50.);
#14=CARTESIAN_POINT('',(50.,0.,41.));
#15=VERTEX_POINT('',#14);
#16=CARTESIAN_POINT('',(49.892946161930176,3.270156461507153,41.));
#17=VERTEX_POINT('',#16);
#18=EDGE_CURVE('',#15,#17,#13,.T.);
#19=ORIENTED_EDGE('',*,*,#18,.T.);
#20=CARTESIAN_POINT('',(49.57224306869052,6.526309611002579,41.));
#21=VERTEX_POINT('',#20);
#22=EDGE_CURVE('',#17,#21,#13,.T.);
#23=ORIENTED_EDGE('',*,*,#22,.T.);
#24=CARTESIAN_POINT('',(49.039264020161525,9.754516100806413,41.));
#25=VERTEX_POINT('',#24);
#26=EDGE_CURVE('',#21,#25,#13,.T.);
#27=ORIENTED_EDGE('',*,*,#26,.T.);
#28=CARTESIAN_POINT('',(48.29629131445341,12.940952255126037,41.));
#29=VERTEX_POINT('',#28);
#30=EDGE_CURVE('',#25,#29,#13,.T.);
#31=ORIENTED_EDGE('',*,*,#30,.T.);
#32=CARTESIAN_POINT('',(47.34650647475529,16.07197326515808,41.));
#33=VERTEX_POINT('',#32);
#34=EDGE_CURVE('',#29,#33,#13,.T.);
#35=ORIENTED_EDGE('',*,*,#34,.T.);
#36=CARTESIAN_POINT('',(46.19397662556434,19.134171618254488,41.));
#37=VERTEX_POINT('',#36);
#38=EDGE_CURVE('',#33,#37,#13,.T.);
#39=ORIENTED_EDGE('',*,*,#38,.T.);
#40=CARTESIAN_POINT('',(44.843637076634415,22.114434510950062,41.));
#41=VERTEX_POINT('',#40);
#42=EDGE_CURVE('',#37,#41,#13,.T.);
#43=ORIENTED_EDGE('',*,*,#42,.T.);
#44=CARTESIAN_POINT('',(43.30127018922194,24.999999999999996,41.));
#45=VERTEX_POINT('',#44);
#46=EDGE_CURVE('',#41,#45,#13,.T.);
#47=ORIENTED_EDGE('',*,*,#46,.T.);
#48=CARTESIAN_POINT('',(41.57348061512726,27.778511650980107,41.));
#49=VERTEX_POINT('',#48);
#50=EDGE_CURVE('',#45,#49,#13,.T.);
#51=ORIENTED_EDGE('',*,*,#50,.T.);
#52=CARTESIAN_POINT('',(39.66766701456176,30.438071450436034,41.));
#53=VERTEX_POINT('',#52);
#54=EDGE_CURVE('',#49,#53,#13,.T.);
#55=ORIENTED_EDGE('',*,*,#54,.T.);
#56=CARTESIAN_POINT('',(37.59199037394887,32.96729075500344,41.));
#57=VERTEX_POINT('',#56);
#58=EDGE_CURVE('',#53,#57,#13,.T.);
#59=ORIENTED_EDGE('',*,*,#58,.T.);
#60=CARTESIAN_POINT('',(35.35533905932738,35.35533905932738,41.));
#61=VERTEX_POINT('',#60);
#62=EDGE_CURVE('',#57,#61,#13,.T.);
#63=ORIENTED_EDGE('',*,*,#62,.T.);
#64=CARTESIAN_POINT('',(32.96729075500344,37.59199037394887,41.));
#65=VERTEX_POINT('',#64);
#66=EDGE_CURVE('',#61,#65,#13,.T.);
#67=ORIENTED_EDGE('',*,*,#66,.T.);
#68=CARTESIAN_POINT('',(30.438071450436034,39.66766701456176,41.));
#69=VERTEX_POINT('',#68);
#70=EDGE_CURVE('',#65,#69,#13,.T.);
#71=ORIENTED_EDGE('',*,*,#70,.T.);
#72=CARTESIAN_POINT('',(27.77851165098012,41.57348061512726,41.));
#73=VERTEX_POINT('',#72);
#74=EDGE_CURVE('',#69,#73,#13,.T.);
#75=ORIENTED_EDGE('',*,*,#74,.T.);
#76=CARTESIAN_POINT('',(25.000000000000007,43.30127018922193,41.));
#77=VERTEX_POINT('',#76);
#78=EDGE_CURVE('',#73,#77,#13,.T.);
#79=ORIENTED_EDGE('',*,*,#78,.T.);
#80=CARTESIAN_POINT('',(22.114434510950062,44.843637076634415,41.));
#81=VERTEX_POINT('',#80);
#82=EDGE_CURVE('',#77,#81,#13,.T.);
#83=ORIENTED_EDGE('',*,*,#82,.T.);
#84=CARTESIAN_POINT('',(19.13417161825449,46.19397662556434,41.));
#85=VERTEX_POINT('',#84);
#86=EDGE_CURVE('',#81,#85,#13,.T.);
#87=ORIENTED_EDGE('',*,*,#86,.T.);
#88=CARTESIAN_POINT('',(16.071973265158086,47.34650647475528,41.));
#89=VERTEX_POINT('',#88);
#90=EDGE_CURVE('',#85,#89,#13,.T.);
#91=ORIENTED_EDGE('',*,*,#90,.T.);
#92=CARTESIAN_POINT('',(12.940952255126037,48.29629131445341,41.));
#93=VERTEX_POINT('',#92);
#94=EDGE_CURVE('',#89,#93,#13,.T.);
#95=ORIENTED_EDGE('',*,*,#94,.T.);
#96=CARTESIAN_POINT('',(9.754516100806416,49.039264020161525,41.));
#97=VERTEX_POINT('',#96);
#98=EDGE_CURVE('',#93,#97,#13,.T.);
#99=ORIENTED_EDGE('',*,*,#98,.T.);
#100=CARTESIAN_POINT('',(6.526309611002586,49.57224306869052,41.));
#101=VERTEX_POINT('',#100);
#102=EDGE_CURVE('',#97,#101,#13,.T.);
#103=ORIENTED_EDGE('',*,*,#102,.T.);
#104=CARTESIAN_POINT('',(3.2701564615071637,49.892946161930176,41.));
#105=VERTEX_POINT('',#104);
#106=EDGE_CURVE('',#101,#105,#13,.T.);
#107=ORIENTED_EDGE('',*,*,#106,.T.);
#108=CARTESIAN_POINT('',(3.061616997868383E-15,50.,41.));
#109=VERTEX_POINT('',#108);
#110=EDGE_CURVE('',#105,#109,#13,.T.);
#111=ORIENTED_EDGE('',*,*,#110,.T.);
#112=CARTESIAN_POINT('',(-3.2701564615071574,49.892946161930176,41.));
#113=VERTEX_POINT('',#112);
#114=EDGE_CURVE('',#109,#113,#13,.T.);
#115=ORIENTED_EDGE('',*,*,#114,.T.);
#116=CARTESIAN_POINT('',(-6.5263096110025804,49.57224306869052,41.));
#117=VERTEX_POINT('',#116);
#118=EDGE_CURVE('',#113,#117,#13,.T.);
#119=ORIENTED_EDGE('',*,*,#118,.T.);
#120=CARTESIAN_POINT('',(-9.75451610080641,49.039264020161525,41.));
#121=VERTEX_POINT('',#120);
#122=EDGE_CURVE('',#117,#121,#13,.T.);
#123=ORIENTED_EDGE('',*,*,#122,.T.);
#124=CARTESIAN_POINT('',(-12.940952255126032,48.29629131445341,41.));
#125=VERTEX_POINT('',#124);
#126=EDGE_CURVE('',#121,#125,#13,.T.);
#127=ORIENTED_EDGE('',*,*,#126,.T.);
#128=CARTESIAN_POINT('',(-16.07197326515808,47.34650647475529,41.));
#129=VERTEX_POINT('',#128);
#130=EDGE_CURVE('',#125,#129,#13,.T.);
#131=ORIENTED_EDGE('',*,*,#130,.T.);
#132=CARTESIAN_POINT('',(-19.134171618254474,46.19397662556434,41.));
#133=VERTEX_POINT('',#132);
#134=EDGE_CURVE('',#129,#133,#13,.T.);
#135=ORIENTED_EDGE('',*,*,#134,.T.);
#136=CARTESIAN_POINT('',(-22.11443451095006,44.843637076634415,41.));
#137=VERTEX_POINT('',#136);
#138=EDGE_CURVE('',#133,#137,#13,.T.);
#139=ORIENTED_EDGE('',*,*,#138,.T.);
#140=CARTESIAN_POINT('',(-24.99999999999999,43.30127018922194,41.));
#141=VERTEX_POINT('',#140);
#142=EDGE_CURVE('',#137,#141,#13,.T.);
#143=ORIENTED_EDGE('',*,*,#142,.T.);
#144=CARTESIAN_POINT('',(-27.778511650980114,41.57348061512726,41.));
#145=VERTEX_POINT('',#144);
#146=EDGE_CURVE('',#141,#145,#13,.T.);
#147=ORIENTED_EDGE('',*,*,#146,.T.);
#148=CARTESIAN_POINT('',(-30.438071450436034,39.66766701456176,41.));
#149=VERTEX_POINT('',#148);
#150=EDGE_CURVE('',#145,#149,#13,.T.);
#151=ORIENTED_EDGE('',*,*,#150,.T.);
#152=CARTESIAN_POINT('',(-32.96729075500344,37.59199037394887,41.));
#153=VERTEX_POINT('',#152);
#154=EDGE_CURVE('',#149,#153,#13,.T.);
#155=ORIENTED_EDGE('',*,*,#154,.T.);
#156=CARTESIAN_POINT('',(-35.35533905932737,35.35533905932738,41.));
#157=VERTEX_POINT('',#156);
#158=EDGE_CURVE('',#153,#157,#13,.T.);
#159=ORIENTED_EDGE('',*,*,#158,.T.);
#160=CARTESIAN_POINT('',(-37.59199037394886,32.96729075500345,41.));
#161=VERTEX_POINT('',#160);
#162=EDGE_CURVE('',#157,#161,#13,.T.);
#163=ORIENTED_EDGE('',*,*,#162,.T.);
#164=CARTESIAN_POINT('',(-39.66766701456175,30.438071450436045,41.));
#165=VERTEX_POINT('',#164);
#166=EDGE_CURVE('',#161,#165,#13,.T.);
#167=ORIENTED_EDGE('',*,*,#166,.T.);
#168=CARTESIAN_POINT('',(-41.57348061512725,27.778511650980125,41.));
#169=VERTEX_POINT('',#168);
#170=EDGE_CURVE('',#165,#169,#13,.T.);
#171=ORIENTED_EDGE('',*,*,#170,.T.);
#172=CARTESIAN_POINT('',(-43.30127018922194,24.999999999999996,41.));
#173=VERTEX_POINT('',#172);
#174=EDGE_CURVE('',#169,#173,#13,.T.);
#175=ORIENTED_EDGE('',*,*,#174,.T.);
#176=CARTESIAN_POINT('',(-44.84363707663441,22.114434510950083,41.));
#177=VERTEX_POINT('',#176);
#178=EDGE_CURVE('',#173,#177,#13,.T.);
#179=ORIENTED_EDGE('',*,*,#178,.T.);
#180=CARTESIAN_POINT('',(-46.19397662556434,19.134171618254495,41.));
#181=VERTEX_POINT('',#180);
#182=EDGE_CURVE('',#177,#181,#13,.T.);
#183=ORIENTED_EDGE('',*,*,#182,.T.);
#184=CARTESIAN_POINT('',(-47.34650647475528,16.07197326515809,41.));
#185=VERTEX_POINT('',#184);
#186=EDGE_CURVE('',#181,#185,#13,.T.);
#187=ORIENTED_EDGE('',*,*,#186,.T.);
#188=CARTESIAN_POINT('',(-48.29629131445341,12.940952255126051,41.));
#189=VERTEX_POINT('',#188);
#190=EDGE_CURVE('',#185,#189,#13,.T.);
#191=ORIENTED_EDGE('',*,*,#190,.T.);
#192=CARTESIAN_POINT('',(-49.039264020161525,9.754516100806407,41.));
#193=VERTEX_POINT('',#192);
#194=EDGE_CURVE('',#189,#193,#13,.T.);
#195=ORIENTED_EDGE('',*,*,#194,.T.);
#196=CARTESIAN_POINT('',(-49.57224306869052,6.526309611002599,41.));
#197=VERTEX_POINT('',#196);
#198=EDGE_CURVE('',#193,#197,#13,.T.);
#199=ORIENTED_EDGE('',*,*,#198,.T.);
#200=CARTESIAN_POINT('',(-49.892946161930176,3.2701564615071557,41.));
#201=VERTEX_POINT('',#200);
#202=EDGE_CURVE('',#197,#201,#13,.T.);
#203=ORIENTED_EDGE('',*,*,#202,.T.);
#204=CARTESIAN_POINT('',(-50.,6.123233995736766E-15,41.));
#205=VERTEX_POINT('',#204);
#206=EDGE_CURVE('',#201,#205,#13,.T.);
#207=ORIENTED_EDGE('',*,*,#206,.T.);
#208=CARTESIAN_POINT('',(-49.892946161930176,-3.2701564615071432,41.));
#209=VERTEX_POINT('',#208);
#210=EDGE_CURVE('',#205,#209,#13,.T.);
#211=ORIENTED_EDGE('',*,*,#210,.T.);
#212=CARTESIAN_POINT('',(-49.57224306869052,-6.526309611002588,41.));
#213=VERTEX_POINT('',#212);
#214=EDGE_CURVE('',#209,#213,#13,.T.);
#215=ORIENTED_EDGE('',*,*,#214,.T.);
#216=CARTESIAN_POINT('',(-49.039264020161525,-9.754516100806395,41.));
#217=VERTEX_POINT('',#216);
#218=EDGE_CURVE('',#213,#217,#13,.T.);
#219=ORIENTED_EDGE('',*,*,#218,.T.);
#220=CARTESIAN_POINT('',(-48.29629131445341,-12.94095225512604,41.));
#221=VERTEX_POINT('',#220);
#222=EDGE_CURVE('',#217,#221,#13,.T.);
#223=ORIENTED_EDGE('',*,*,#222,.T.);
#224=CARTESIAN_POINT('',(-47.34650647475529,-16.071973265158075,41.));
#225=VERTEX_POINT('',#224);
#226=EDGE_CURVE('',#221,#225,#13,.T.);
#227=ORIENTED_EDGE('',*,*,#226,.T.);
#228=CARTESIAN_POINT('',(-46.19397662556434,-19.134171618254484,41.));
#229=VERTEX_POINT('',#228);
#230=EDGE_CURVE('',#225,#229,#13,.T.);
#231=ORIENTED_EDGE('',*,*,#230,.T.);
#232=CARTESIAN_POINT('',(-44.843637076634415,-22.114434510950073,41.));
#233=VERTEX_POINT('',#232);
#234=EDGE_CURVE('',#229,#233,#13,.T.);
#235=ORIENTED_EDGE('',*,*,#234,.T.);
#236=CARTESIAN_POINT('',(-43.30127018922194,-24.999999999999986,41.));
#237=VERTEX_POINT('',#236);
#238=EDGE_CURVE('',#233,#237,#13,.T.);
#239=ORIENTED_EDGE('',*,*,#238,.T.);
#240=CARTESIAN_POINT('',(-41.57348061512727,-27.778511650980096,41.));
#241=VERTEX_POINT('',#240);
#242=EDGE_CURVE('',#237,#241,#13,.T.);
#243=ORIENTED_EDGE('',*,*,#242,.T.);
#244=CARTESIAN_POINT('',(-39.66766701456176,-30.438071450436034,41.));
#245=VERTEX_POINT('',#244);
#246=EDGE_CURVE('',#241,#245,#13,.T.);
#247=ORIENTED_EDGE('',*,*,#246,.T.);
#248=CARTESIAN_POINT('',(-37.59199037394887,-32.96729075500344,41.));
#249=VERTEX_POINT('',#248);
#250=EDGE_CURVE('',#245,#249,#13,.T.);
#251=ORIENTED_EDGE('',*,*,#250,.T.);
#252=CARTESIAN_POINT('',(-35.35533905932739,-35.355339059327356,41.));
#253=VERTEX_POINT('',#252);
#254=EDGE_CURVE('',#249,#253,#13,.T.);
#255=ORIENTED_EDGE('',*,*,#254,.T.);
#256=CARTESIAN_POINT('',(-32.967290755003454,-37.59199037394886,41.));
#257=VERTEX_POINT('',#256);
#258=EDGE_CURVE('',#253,#257,#13,.T.);
#259=ORIENTED_EDGE('',*,*,#258,.T.);
#260=CARTESIAN_POINT('',(-30.438071450436045,-39.667667014561744,41.));
#261=VERTEX_POINT('',#260);
#262=EDGE_CURVE('',#257,#261,#13,.T.);
#263=ORIENTED_EDGE('',*,*,#262,.T.);
#264=CARTESIAN_POINT('',(-27.778511650980107,-41.57348061512726,41.));
#265=VERTEX_POINT('',#264);
#266=EDGE_CURVE('',#261,#265,#13,.T.);
#267=ORIENTED_EDGE('',*,*,#266,.T.);
#268=CARTESIAN_POINT('',(-25.00000000000002,-43.301270189221924,41.));
#269=VERTEX_POINT('',#268);
#270=EDGE_CURVE('',#265,#269,#13,.T.);
#271=ORIENTED_EDGE('',*,*,#270,.T.);
#272=CARTESIAN_POINT('',(-22.11443451095007,-44.843637076634415,41.));
#273=VERTEX_POINT('',#272);
#274=EDGE_CURVE('',#269,#273,#13,.T.);
#275=ORIENTED_EDGE('',*,*,#274,.T.);
#276=CARTESIAN_POINT('',(-19.134171618254474,-46.19397662556434,41.));
#277=VERTEX_POINT('',#276);
#278=EDGE_CURVE('',#273,#277,#13,.T.);
#279=ORIENTED_EDGE('',*,*,#278,.T.);
#280=CARTESIAN_POINT('',(-16.07197326515809,-47.34650647475528,41.));
#281=VERTEX_POINT('',#280);
#282=EDGE_CURVE('',#277,#281,#13,.T.);
#283=ORIENTED_EDGE('',*,*,#282,.T.);
#284=CARTESIAN_POINT('',(-12.940952255126032,-48.29629131445341,41.));
#285=VERTEX_POINT('',#284);
#286=EDGE_CURVE('',#281,#285,#13,.T.);
#287=ORIENTED_EDGE('',*,*,#286,.T.);
#288=CARTESIAN_POINT('',(-9.754516100806434,-49.03926402016152,41.));
#289=VERTEX_POINT('',#288);
#290=EDGE_CURVE('',#285,#289,#13,.T.);
#291=ORIENTED_EDGE('',*,*,#290,.T.);
#292=CARTESIAN_POINT('',(-6.526309611002581,-49.57224306869052,41.));
#293=VERTEX_POINT('',#292);
#294=EDGE_CURVE('',#289,#293,#13,.T.);
#295=ORIENTED_EDGE('',*,*,#294,.T.);
#296=CARTESIAN_POINT('',(-3.2701564615071366,-49.892946161930176,41.));
#297=VERTEX_POINT('',#296);
#298=EDGE_CURVE('',#293,#297,#13,.T.);
#299=ORIENTED_EDGE('',*,*,#298,.T.);
#300=CARTESIAN_POINT('',(-9.184850993605149E-15,-50.,41.));
#301=VERTEX_POINT('',#300);
#302=EDGE_CURVE('',#297,#301,#13,.T.);
#303=ORIENTED_EDGE('',*,*,#302,.T.);
#304=CARTESIAN_POINT('',(3.2701564615071184,-49.892946161930176,41.));
#305=VERTEX_POINT('',#304);
#306=EDGE_CURVE('',#301,#305,#13,.T.);
#307=ORIENTED_EDGE('',*,*,#306,.T.);
#308=CARTESIAN_POINT('',(6.526309611002564,-49.572243068690526,41.));
#309=VERTEX_POINT('',#308);
#310=EDGE_CURVE('',#305,#309,#13,.T.);
#311=ORIENTED_EDGE('',*,*,#310,.T.);
#312=CARTESIAN_POINT('',(9.754516100806415,-49.039264020161525,41.));
#313=VERTEX_POINT('',#312);
#314=EDGE_CURVE('',#309,#313,#13,.T.);
#315=ORIENTED_EDGE('',*,*,#314,.T.);
#316=CARTESIAN_POINT('',(12.940952255126014,-48.29629131445342,41.));
#317=VERTEX_POINT('',#316);
#318=EDGE_CURVE('',#313,#317,#13,.T.);
#319=ORIENTED_EDGE('',*,*,#318,.T.);
#320=CARTESIAN_POINT('',(16.071973265158075,-47.34650647475529,41.));
#321=VERTEX_POINT('',#320);
#322=EDGE_CURVE('',#317,#321,#13,.T.);
#323=ORIENTED_EDGE('',*,*,#322,.T.);
#324=CARTESIAN_POINT('',(19.13417161825446,-46.193976625564346,41.));
#325=VERTEX_POINT('',#324);
#326=EDGE_CURVE('',#321,#325,#13,.T.);
#327=ORIENTED_EDGE('',*,*,#326,.T.);
#328=CARTESIAN_POINT('',(22.11443451095005,-44.843637076634415,41.));
#329=VERTEX_POINT('',#328);
#330=EDGE_CURVE('',#325,#329,#13,.T.);
#331=ORIENTED_EDGE('',*,*,#330,.T.);
#332=CARTESIAN_POINT('',(25.000000000000007,-43.30127018922193,41.));
#333=VERTEX_POINT('',#332);
#334=EDGE_CURVE('',#329,#333,#13,.T.);
#335=ORIENTED_EDGE('',*,*,#334,.T.);
#336=CARTESIAN_POINT('',(27.778511650980093,-41.57348061512727,41.));
#337=VERTEX_POINT('',#336);
#338=EDGE_CURVE('',#333,#337,#13,.T.);
#339=ORIENTED_EDGE('',*,*,#338,.T.);
#340=CARTESIAN_POINT('',(30.438071450435995,-39.667667014561786,41.));
#341=VERTEX_POINT('',#340);
#342=EDGE_CURVE('',#337,#341,#13,.T.);
#343=ORIENTED_EDGE('',*,*,#342,.T.);
#344=CARTESIAN_POINT('',(32.967290755003454,-37.59199037394886,41.));
#345=VERTEX_POINT('',#344);
#346=EDGE_CURVE('',#341,#345,#13,.T.);
#347=ORIENTED_EDGE('',*,*,#346,.T.);
#348=CARTESIAN_POINT('',(35.35533905932737,-35.355339059327385,41.));
#349=VERTEX_POINT('',#348);
#350=EDGE_CURVE('',#345,#349,#13,.T.);
#351=ORIENTED_EDGE('',*,*,#350,.T.);
#352=CARTESIAN_POINT('',(37.591990373948875,-32.96729075500344,41.));
#353=VERTEX_POINT('',#352);
#354=EDGE_CURVE('',#349,#353,#13,.T.);
#355=ORIENTED_EDGE('',*,*,#354,.T.);
#356=CARTESIAN_POINT('',(39.667667014561744,-30.43807145043605,41.));
#357=VERTEX_POINT('',#356);
#358=EDGE_CURVE('',#353,#357,#13,.T.);
#359=ORIENTED_EDGE('',*,*,#358,.T.);
#360=CARTESIAN_POINT('',(41.57348061512723,-27.778511650980146,41.));
#361=VERTEX_POINT('',#360);
#362=EDGE_CURVE('',#357,#361,#13,.T.);
#363=ORIENTED_EDGE('',*,*,#362,.T.);
#364=CARTESIAN_POINT('',(43.30127018922192,-25.00000000000002,41.));
#365=VERTEX_POINT('',#364);
#366=EDGE_CURVE('',#361,#365,#13,.T.);
#367=ORIENTED_EDGE('',*,*,#366,.T.);
#368=CARTESIAN_POINT('',(44.843637076634415,-22.11443451095007,41.));
#369=VERTEX_POINT('',#368);
#370=EDGE_CURVE('',#365,#369,#13,.T.);
#371=ORIENTED_EDGE('',*,*,#370,.T.);
#372=CARTESIAN_POINT('',(46.19397662556434,-19.134171618254477,41.));
#373=VERTEX_POINT('',#372);
#374=EDGE_CURVE('',#369,#373,#13,.T.);
#375=ORIENTED_EDGE('',*,*,#374,.T.);
#376=CARTESIAN_POINT('',(47.34650647475528,-16.071973265158093,41.));
#377=VERTEX_POINT('',#376);
#378=EDGE_CURVE('',#373,#377,#13,.T.);
#379=ORIENTED_EDGE('',*,*,#378,.T.);
#380=CARTESIAN_POINT('',(48.296291314453406,-12.940952255126078,41.));
#381=VERTEX_POINT('',#380);
#382=EDGE_CURVE('',#377,#381,#13,.T.);
#383=ORIENTED_EDGE('',*,*,#382,.T.);
#384=CARTESIAN_POINT('',(49.03926402016152,-9.754516100806436,41.));
#385=VERTEX_POINT('',#384);
#386=EDGE_CURVE('',#381,#385,#13,.T.);
#387=ORIENTED_EDGE('',*,*,#386,.T.);
#388=CARTESIAN_POINT('',(49.57224306869052,-6.526309611002584,41.));
#389=VERTEX_POINT('',#388);
#390=EDGE_CURVE('',#385,#389,#13,.T.);
#391=ORIENTED_EDGE('',*,*,#390,.T.);
#392=CARTESIAN_POINT('',(49.892946161930176,-3.27015646150714,41.));
#393=VERTEX_POINT('',#392);
#394=EDGE_CURVE('',#389,#393,#13,.T.);
#395=ORIENTED_EDGE('',*,*,#394,.T.);
#396=EDGE_CURVE('',#393,#15,#13,.T.);
#397=ORIENTED_EDGE('',*,*,#396,.T.);
#398=DIRECTION('',(-0.7071067811865475,0.,0.7071067811865475));
#399=VECTOR('',#398,7.0710678118654755);
#400=LINE('',#14,#399);
#401=CARTESIAN_POINT('',(45.,0.,46.));
#402=VERTEX_POINT('',#401);
#403=EDGE_CURVE('',#15,#402,#400,.T.);
#404=ORIENTED_EDGE('',*,*,#403,.T.);
#405=CARTESIAN_POINT('',(0.,0.,46.));
#406=AXIS2_PLACEMENT_3D('',#405,#11,#8);
#407=CIRCLE('',#406,45.);
#408=CARTESIAN_POINT('',(44.903651545737155,-2.943140815356426,46.));
#409=VERTEX_POINT('',#408);
#410=EDGE_CURVE('',#402,#409,#407,.F.);
#411=ORIENTED_EDGE('',*,*,#410,.T.);
#412=CARTESIAN_POINT('',(44.61501876182147,-5.873678649902326,46.));
#413=VERTEX_POINT('',#412);
#414=EDGE_CURVE('',#409,#413,#407,.F.);
#415=ORIENTED_EDGE('',*,*,#414,.T.);
#416=CARTESIAN_POINT('',(44.135337618145364,-8.779064490725792,46.));
#417=VERTEX_POINT('',#416);
#418=EDGE_CURVE('',#413,#417,#407,.F.);
#419=ORIENTED_EDGE('',*,*,#418,.T.);
#420=CARTESIAN_POINT('',(43.46666218300806,-11.646857029613471,46.));
#421=VERTEX_POINT('',#420);
#422=EDGE_CURVE('',#417,#421,#407,.F.);
#423=ORIENTED_EDGE('',*,*,#422,.T.);
#424=CARTESIAN_POINT('',(42.611855827279754,-14.464775938642283,46.));
#425=VERTEX_POINT('',#424);
#426=EDGE_CURVE('',#421,#425,#407,.F.);
#427=ORIENTED_EDGE('',*,*,#426,.T.);
#428=CARTESIAN_POINT('',(41.57457896300791,-17.22075445642903,46.));
#429=VERTEX_POINT('',#428);
#430=EDGE_CURVE('',#425,#429,#407,.F.);
#431=ORIENTED_EDGE('',*,*,#430,.T.);
#432=CARTESIAN_POINT('',(40.359273368970975,-19.902991059855065,46.));
#433=VERTEX_POINT('',#432);
#434=EDGE_CURVE('',#429,#433,#407,.F.);
#435=ORIENTED_EDGE('',*,*,#434,.T.);
#436=CARTESIAN_POINT('',(38.971143170299726,-22.50000000000002,46.));
#437=VERTEX_POINT('',#436);
#438=EDGE_CURVE('',#433,#437,#407,.F.);
#439=ORIENTED_EDGE('',*,*,#438,.T.);
#440=CARTESIAN_POINT('',(37.41613255361451,-25.000660485882133,46.));
#441=VERTEX_POINT('',#440);
#442=EDGE_CURVE('',#437,#441,#407,.F.);
#443=ORIENTED_EDGE('',*,*,#442,.T.);
#444=CARTESIAN_POINT('',(35.70090031310557,-27.394264305392444,46.));
#445=VERTEX_POINT('',#444);
#446=EDGE_CURVE('',#441,#445,#407,.F.);
#447=ORIENTED_EDGE('',*,*,#446,.T.);
#448=CARTESIAN_POINT('',(33.83279133655399,-29.67056167950309,46.));
#449=VERTEX_POINT('',#448);
#450=EDGE_CURVE('',#445,#449,#407,.F.);
#451=ORIENTED_EDGE('',*,*,#450,.T.);
#452=CARTESIAN_POINT('',(31.81980515339463,-31.819805153394647,46.));
#453=VERTEX_POINT('',#452);
#454=EDGE_CURVE('',#449,#453,#407,.F.);
#455=ORIENTED_EDGE('',*,*,#454,.T.);
#456=CARTESIAN_POINT('',(29.67056167950311,-33.832791336553974,46.));
#457=VERTEX_POINT('',#456);
#458=EDGE_CURVE('',#453,#457,#407,.F.);
#459=ORIENTED_EDGE('',*,*,#458,.T.);
#460=CARTESIAN_POINT('',(27.394264305392394,-35.700900313105606,46.));
#461=VERTEX_POINT('',#460);
#462=EDGE_CURVE('',#457,#461,#407,.F.);
#463=ORIENTED_EDGE('',*,*,#462,.T.);
#464=CARTESIAN_POINT('',(25.000660485882083,-37.416132553614545,46.));
#465=VERTEX_POINT('',#464);
#466=EDGE_CURVE('',#461,#465,#407,.F.);
#467=ORIENTED_EDGE('',*,*,#466,.T.);
#468=CARTESIAN_POINT('',(22.500000000000004,-38.97114317029974,46.));
#469=VERTEX_POINT('',#468);
#470=EDGE_CURVE('',#465,#469,#407,.F.);
#471=ORIENTED_EDGE('',*,*,#470,.T.);
#472=CARTESIAN_POINT('',(19.902991059855047,-40.359273368970975,46.));
#473=VERTEX_POINT('',#472);
#474=EDGE_CURVE('',#469,#473,#407,.F.);
#475=ORIENTED_EDGE('',*,*,#474,.T.);
#476=CARTESIAN_POINT('',(17.220754456429013,-41.574578963007916,46.));
#477=VERTEX_POINT('',#476);
#478=EDGE_CURVE('',#473,#477,#407,.F.);
#479=ORIENTED_EDGE('',*,*,#478,.T.);
#480=CARTESIAN_POINT('',(14.464775938642266,-42.611855827279754,46.));
#481=VERTEX_POINT('',#480);
#482=EDGE_CURVE('',#477,#481,#407,.F.);
#483=ORIENTED_EDGE('',*,*,#482,.T.);
#484=CARTESIAN_POINT('',(11.646857029613413,-43.466662183008076,46.));
#485=VERTEX_POINT('',#484);
#486=EDGE_CURVE('',#481,#485,#407,.F.);
#487=ORIENTED_EDGE('',*,*,#486,.T.);
#488=CARTESIAN_POINT('',(8.779064490725773,-44.13533761814537,46.));
#489=VERTEX_POINT('',#488);
#490=EDGE_CURVE('',#485,#489,#407,.F.);
#491=ORIENTED_EDGE('',*,*,#490,.T.);
#492=CARTESIAN_POINT('',(5.873678649902307,-44.615018761821474,46.));
#493=VERTEX_POINT('',#492);
#494=EDGE_CURVE('',#489,#493,#407,.F.);
#495=ORIENTED_EDGE('',*,*,#494,.T.);
#496=CARTESIAN_POINT('',(2.9431408153564065,-44.90365154573716,46.));
#497=VERTEX_POINT('',#496);
#498=EDGE_CURVE('',#493,#497,#407,.F.);
#499=ORIENTED_EDGE('',*,*,#498,.T.);
#500=CARTESIAN_POINT('',(-8.266365894244634E-15,-45.,46.));
#501=VERTEX_POINT('',#500);
#502=EDGE_CURVE('',#497,#501,#407,.F.);
#503=ORIENTED_EDGE('',*,*,#502,.T.);
#504=CARTESIAN_POINT('',(-2.943140815356423,-44.903651545737155,46.));
#505=VERTEX_POINT('',#504);
#506=EDGE_CURVE('',#501,#505,#407,.F.);
#507=ORIENTED_EDGE('',*,*,#506,.T.);
#508=CARTESIAN_POINT('',(-5.873678649902323,-44.61501876182147,46.));
#509=VERTEX_POINT('',#508);
#510=EDGE_CURVE('',#505,#509,#407,.F.);
#511=ORIENTED_EDGE('',*,*,#510,.T.);
#512=CARTESIAN_POINT('',(-8.77906449072579,-44.135337618145364,46.));
#513=VERTEX_POINT('',#512);
#514=EDGE_CURVE('',#509,#513,#407,.F.);
#515=ORIENTED_EDGE('',*,*,#514,.T.);
#516=CARTESIAN_POINT('',(-11.646857029613429,-43.466662183008076,46.));
#517=VERTEX_POINT('',#516);
#518=EDGE_CURVE('',#513,#517,#407,.F.);
#519=ORIENTED_EDGE('',*,*,#518,.T.);
#520=CARTESIAN_POINT('',(-14.464775938642282,-42.611855827279754,46.));
#521=VERTEX_POINT('',#520);
#522=EDGE_CURVE('',#517,#521,#407,.F.);
#523=ORIENTED_EDGE('',*,*,#522,.T.);
#524=CARTESIAN_POINT('',(-17.220754456429027,-41.57457896300791,46.));
#525=VERTEX_POINT('',#524);
#526=EDGE_CURVE('',#521,#525,#407,.F.);
#527=ORIENTED_EDGE('',*,*,#526,.T.);
#528=CARTESIAN_POINT('',(-19.90299105985506,-40.359273368970975,46.));
#529=VERTEX_POINT('',#528);
#530=EDGE_CURVE('',#525,#529,#407,.F.);
#531=ORIENTED_EDGE('',*,*,#530,.T.);
#532=CARTESIAN_POINT('',(-22.50000000000002,-38.97114317029973,46.));
#533=VERTEX_POINT('',#532);
#534=EDGE_CURVE('',#529,#533,#407,.F.);
#535=ORIENTED_EDGE('',*,*,#534,.T.);
#536=CARTESIAN_POINT('',(-25.000660485882097,-37.41613255361454,46.));
#537=VERTEX_POINT('',#536);
#538=EDGE_CURVE('',#533,#537,#407,.F.);
#539=ORIENTED_EDGE('',*,*,#538,.T.);
#540=CARTESIAN_POINT('',(-27.39426430539244,-35.70090031310557,46.));
#541=VERTEX_POINT('',#540);
#542=EDGE_CURVE('',#537,#541,#407,.F.);
#543=ORIENTED_EDGE('',*,*,#542,.T.);
#544=CARTESIAN_POINT('',(-29.67056167950311,-33.832791336553974,46.));
#545=VERTEX_POINT('',#544);
#546=EDGE_CURVE('',#541,#545,#407,.F.);
#547=ORIENTED_EDGE('',*,*,#546,.T.);
#548=CARTESIAN_POINT('',(-31.819805153394654,-31.819805153394622,46.));
#549=VERTEX_POINT('',#548);
#550=EDGE_CURVE('',#545,#549,#407,.F.);
#551=ORIENTED_EDGE('',*,*,#550,.T.);
#552=CARTESIAN_POINT('',(-33.83279133655398,-29.6705616795031,46.));
#553=VERTEX_POINT('',#552);
#554=EDGE_CURVE('',#549,#553,#407,.F.);
#555=ORIENTED_EDGE('',*,*,#554,.T.);
#556=CARTESIAN_POINT('',(-35.700900313105585,-27.39426430539243,46.));
#557=VERTEX_POINT('',#556);
#558=EDGE_CURVE('',#553,#557,#407,.F.);
#559=ORIENTED_EDGE('',*,*,#558,.T.);
#560=CARTESIAN_POINT('',(-37.416132553614545,-25.000660485882086,46.));
#561=VERTEX_POINT('',#560);
#562=EDGE_CURVE('',#557,#561,#407,.F.);
#563=ORIENTED_EDGE('',*,*,#562,.T.);
#564=CARTESIAN_POINT('',(-38.97114317029975,-22.499999999999986,46.));
#565=VERTEX_POINT('',#564);
#566=EDGE_CURVE('',#561,#565,#407,.F.);
#567=ORIENTED_EDGE('',*,*,#566,.T.);
#568=CARTESIAN_POINT('',(-40.359273368970975,-19.902991059855065,46.));
#569=VERTEX_POINT('',#568);
#570=EDGE_CURVE('',#565,#569,#407,.F.);
#571=ORIENTED_EDGE('',*,*,#570,.T.);
#572=CARTESIAN_POINT('',(-41.57457896300791,-17.220754456429034,46.));
#573=VERTEX_POINT('',#572);
#574=EDGE_CURVE('',#569,#573,#407,.F.);
#575=ORIENTED_EDGE('',*,*,#574,.T.);
#576=CARTESIAN_POINT('',(-42.611855827279754,-14.46477593864227,46.));
#577=VERTEX_POINT('',#576);
#578=EDGE_CURVE('',#573,#577,#407,.F.);
#579=ORIENTED_EDGE('',*,*,#578,.T.);
#580=CARTESIAN_POINT('',(-43.466662183008076,-11.646857029613436,46.));
#581=VERTEX_POINT('',#580);
#582=EDGE_CURVE('',#577,#581,#407,.F.);
#583=ORIENTED_EDGE('',*,*,#582,.T.);
#584=CARTESIAN_POINT('',(-44.13533761814537,-8.779064490725757,46.));
#585=VERTEX_POINT('',#584);
#586=EDGE_CURVE('',#581,#585,#407,.F.);
#587=ORIENTED_EDGE('',*,*,#586,.T.);
#588=CARTESIAN_POINT('',(-44.61501876182147,-5.873678649902329,46.));
#589=VERTEX_POINT('',#588);
#590=EDGE_CURVE('',#585,#589,#407,.F.);
#591=ORIENTED_EDGE('',*,*,#590,.T.);
#592=CARTESIAN_POINT('',(-44.903651545737155,-2.943140815356429,46.));
#593=VERTEX_POINT('',#592);
#594=EDGE_CURVE('',#589,#593,#407,.F.);
#595=ORIENTED_EDGE('',*,*,#594,.T.);
#596=CARTESIAN_POINT('',(-45.,5.5109105961630896E-15,46.));
#597=VERTEX_POINT('',#596);
#598=EDGE_CURVE('',#593,#597,#407,.F.);
#599=ORIENTED_EDGE('',*,*,#598,.T.);
#600=CARTESIAN_POINT('',(-44.903651545737155,2.9431408153564402,46.));
#601=VERTEX_POINT('',#600);
#602=EDGE_CURVE('',#597,#601,#407,.F.);
#603=ORIENTED_EDGE('',*,*,#602,.T.);
#604=CARTESIAN_POINT('',(-44.61501876182147,5.87367864990234,46.));
#605=VERTEX_POINT('',#604);
#606=EDGE_CURVE('',#601,#605,#407,.F.);
#607=ORIENTED_EDGE('',*,*,#606,.T.);
#608=CARTESIAN_POINT('',(-44.13533761814537,8.779064490725768,46.));
#609=VERTEX_POINT('',#608);
#610=EDGE_CURVE('',#605,#609,#407,.F.);
#611=ORIENTED_EDGE('',*,*,#610,.T.);
#612=CARTESIAN_POINT('',(-43.46666218300807,11.646857029613447,46.));
#613=VERTEX_POINT('',#612);
#614=EDGE_CURVE('',#609,#613,#407,.F.);
#615=ORIENTED_EDGE('',*,*,#614,.T.);
#616=CARTESIAN_POINT('',(-42.611855827279754,14.464775938642278,46.));
#617=VERTEX_POINT('',#616);
#618=EDGE_CURVE('',#613,#617,#407,.F.);
#619=ORIENTED_EDGE('',*,*,#618,.T.);
#620=CARTESIAN_POINT('',(-41.5745789630079,17.220754456429045,46.));
#621=VERTEX_POINT('',#620);
#622=EDGE_CURVE('',#617,#621,#407,.F.);
#623=ORIENTED_EDGE('',*,*,#622,.T.);
#624=CARTESIAN_POINT('',(-40.35927336897097,19.902991059855076,46.));
#625=VERTEX_POINT('',#624);
#626=EDGE_CURVE('',#621,#625,#407,.F.);
#627=ORIENTED_EDGE('',*,*,#626,.T.);
#628=CARTESIAN_POINT('',(-38.97114317029974,22.499999999999996,46.));
#629=VERTEX_POINT('',#628);
#630=EDGE_CURVE('',#625,#629,#407,.F.);
#631=ORIENTED_EDGE('',*,*,#630,.T.);
#632=CARTESIAN_POINT('',(-37.416132553614524,25.00066048588211,46.));
#633=VERTEX_POINT('',#632);
#634=EDGE_CURVE('',#629,#633,#407,.F.);
#635=ORIENTED_EDGE('',*,*,#634,.T.);
#636=CARTESIAN_POINT('',(-35.70090031310558,27.39426430539244,46.));
#637=VERTEX_POINT('',#636);
#638=EDGE_CURVE('',#633,#637,#407,.F.);
#639=ORIENTED_EDGE('',*,*,#638,.T.);
#640=CARTESIAN_POINT('',(-33.832791336553974,29.670561679503102,46.));
#641=VERTEX_POINT('',#640);
#642=EDGE_CURVE('',#637,#641,#407,.F.);
#643=ORIENTED_EDGE('',*,*,#642,.T.);
#644=CARTESIAN_POINT('',(-31.819805153394636,31.81980515339464,46.));
#645=VERTEX_POINT('',#644);
#646=EDGE_CURVE('',#641,#645,#407,.F.);
#647=ORIENTED_EDGE('',*,*,#646,.T.);
#648=CARTESIAN_POINT('',(-29.6705616795031,33.83279133655398,46.));
#649=VERTEX_POINT('',#648);
#650=EDGE_CURVE('',#645,#649,#407,.F.);
#651=ORIENTED_EDGE('',*,*,#650,.T.);
#652=CARTESIAN_POINT('',(-27.39426430539243,35.700900313105585,46.));
#653=VERTEX_POINT('',#652);
#654=EDGE_CURVE('',#649,#653,#407,.F.);
#655=ORIENTED_EDGE('',*,*,#654,.T.);
#656=CARTESIAN_POINT('',(-25.000660485882104,37.41613255361453,46.));
#657=VERTEX_POINT('',#656);
#658=EDGE_CURVE('',#653,#657,#407,.F.);
#659=ORIENTED_EDGE('',*,*,#658,.T.);
#660=CARTESIAN_POINT('',(-22.49999999999999,38.97114317029974,46.));
#661=VERTEX_POINT('',#660);
#662=EDGE_CURVE('',#657,#661,#407,.F.);
#663=ORIENTED_EDGE('',*,*,#662,.T.);
#664=CARTESIAN_POINT('',(-19.90299105985505,40.359273368970975,46.));
#665=VERTEX_POINT('',#664);
#666=EDGE_CURVE('',#661,#665,#407,.F.);
#667=ORIENTED_EDGE('',*,*,#666,.T.);
#668=CARTESIAN_POINT('',(-17.220754456429027,41.57457896300791,46.));
#669=VERTEX_POINT('',#668);
#670=EDGE_CURVE('',#665,#669,#407,.F.);
#671=ORIENTED_EDGE('',*,*,#670,.T.);
#672=CARTESIAN_POINT('',(-14.464775938642271,42.611855827279754,46.));
#673=VERTEX_POINT('',#672);
#674=EDGE_CURVE('',#669,#673,#407,.F.);
#675=ORIENTED_EDGE('',*,*,#674,.T.);
#676=CARTESIAN_POINT('',(-11.646857029613429,43.466662183008076,46.));
#677=VERTEX_POINT('',#676);
#678=EDGE_CURVE('',#673,#677,#407,.F.);
#679=ORIENTED_EDGE('',*,*,#678,.T.);
#680=CARTESIAN_POINT('',(-8.77906449072577,44.13533761814537,46.));
#681=VERTEX_POINT('',#680);
#682=EDGE_CURVE('',#677,#681,#407,.F.);
#683=ORIENTED_EDGE('',*,*,#682,.T.);
#684=CARTESIAN_POINT('',(-5.873678649902322,44.61501876182147,46.));
#685=VERTEX_POINT('',#684);
#686=EDGE_CURVE('',#681,#685,#407,.F.);
#687=ORIENTED_EDGE('',*,*,#686,.T.);
#688=CARTESIAN_POINT('',(-2.9431408153564416,44.903651545737155,46.));
#689=VERTEX_POINT('',#688);
#690=EDGE_CURVE('',#685,#689,#407,.F.);
#691=ORIENTED_EDGE('',*,*,#690,.T.);
#692=CARTESIAN_POINT('',(2.7554552980815448E-15,45.,46.));
#693=VERTEX_POINT('',#692);
#694=EDGE_CURVE('',#689,#693,#407,.F.);
#695=ORIENTED_EDGE('',*,*,#694,.T.);
#696=CARTESIAN_POINT('',(2.9431408153564473,44.903651545737155,46.));
#697=VERTEX_POINT('',#696);
#698=EDGE_CURVE('',#693,#697,#407,.F.);
#699=ORIENTED_EDGE('',*,*,#698,.T.);
#700=CARTESIAN_POINT('',(5.8736786499023275,44.61501876182147,46.));
#701=VERTEX_POINT('',#700);
#702=EDGE_CURVE('',#697,#701,#407,.F.);
#703=ORIENTED_EDGE('',*,*,#702,.T.);
#704=CARTESIAN_POINT('',(8.779064490725775,44.13533761814537,46.));
#705=VERTEX_POINT('',#704);
#706=EDGE_CURVE('',#701,#705,#407,.F.);
#707=ORIENTED_EDGE('',*,*,#706,.T.);
#708=CARTESIAN_POINT('',(11.646857029613432,43.466662183008076,46.));
#709=VERTEX_POINT('',#708);
#710=EDGE_CURVE('',#705,#709,#407,.F.);
#711=ORIENTED_EDGE('',*,*,#710,.T.);
#712=CARTESIAN_POINT('',(14.464775938642276,42.611855827279754,46.));
#713=VERTEX_POINT('',#712);
#714=EDGE_CURVE('',#709,#713,#407,.F.);
#715=ORIENTED_EDGE('',*,*,#714,.T.);
#716=CARTESIAN_POINT('',(17.22075445642904,41.5745789630079,46.));
#717=VERTEX_POINT('',#716);
#718=EDGE_CURVE('',#713,#717,#407,.F.);
#719=ORIENTED_EDGE('',*,*,#718,.T.);
#720=CARTESIAN_POINT('',(19.902991059855054,40.359273368970975,46.));
#721=VERTEX_POINT('',#720);
#722=EDGE_CURVE('',#717,#721,#407,.F.);
#723=ORIENTED_EDGE('',*,*,#722,.T.);
#724=CARTESIAN_POINT('',(22.500000000000004,38.97114317029974,46.));
#725=VERTEX_POINT('',#724);
#726=EDGE_CURVE('',#721,#725,#407,.F.);
#727=ORIENTED_EDGE('',*,*,#726,.T.);
#728=CARTESIAN_POINT('',(25.000660485882108,37.41613255361453,46.));
#729=VERTEX_POINT('',#728);
#730=EDGE_CURVE('',#725,#729,#407,.F.);
#731=ORIENTED_EDGE('',*,*,#730,.T.);
#732=CARTESIAN_POINT('',(27.39426430539243,35.700900313105585,46.));
#733=VERTEX_POINT('',#732);
#734=EDGE_CURVE('',#729,#733,#407,.F.);
#735=ORIENTED_EDGE('',*,*,#734,.T.);
#736=CARTESIAN_POINT('',(29.6705616795031,33.83279133655398,46.));
#737=VERTEX_POINT('',#736);
#738=EDGE_CURVE('',#733,#737,#407,.F.);
#739=ORIENTED_EDGE('',*,*,#738,.T.);
#740=CARTESIAN_POINT('',(31.81980515339464,31.81980515339464,46.));
#741=VERTEX_POINT('',#740);
#742=EDGE_CURVE('',#737,#741,#407,.F.);
#743=ORIENTED_EDGE('',*,*,#742,.T.);
#744=CARTESIAN_POINT('',(33.83279133655398,29.6705616795031,46.));
#745=VERTEX_POINT('',#744);
#746=EDGE_CURVE('',#741,#745,#407,.F.);
#747=ORIENTED_EDGE('',*,*,#746,.T.);
#748=CARTESIAN_POINT('',(35.700900313105585,27.39426430539243,46.));
#749=VERTEX_POINT('',#748);
#750=EDGE_CURVE('',#745,#749,#407,.F.);
#751=ORIENTED_EDGE('',*,*,#750,.T.);
#752=CARTESIAN_POINT('',(37.41613255361454,25.000660485882097,46.));
#753=VERTEX_POINT('',#752);
#754=EDGE_CURVE('',#749,#753,#407,.F.);
#755=ORIENTED_EDGE('',*,*,#754,.T.);
#756=CARTESIAN_POINT('',(38.97114317029974,22.499999999999996,46.));
#757=VERTEX_POINT('',#756);
#758=EDGE_CURVE('',#753,#757,#407,.F.);
#759=ORIENTED_EDGE('',*,*,#758,.T.);
#760=CARTESIAN_POINT('',(40.359273368970975,19.902991059855054,46.));
#761=VERTEX_POINT('',#760);
#762=EDGE_CURVE('',#757,#761,#407,.F.);
#763=ORIENTED_EDGE('',*,*,#762,.T.);
#764=CARTESIAN_POINT('',(41.5745789630079,17.22075445642904,46.));
#765=VERTEX_POINT('',#764);
#766=EDGE_CURVE('',#761,#765,#407,.F.);
#767=ORIENTED_EDGE('',*,*,#766,.T.);
#768=CARTESIAN_POINT('',(42.611855827279754,14.464775938642271,46.));
#769=VERTEX_POINT('',#768);
#770=EDGE_CURVE('',#765,#769,#407,.F.);
#771=ORIENTED_EDGE('',*,*,#770,.T.);
#772=CARTESIAN_POINT('',(43.466662183008076,11.646857029613432,46.));
#773=VERTEX_POINT('',#772);
#774=EDGE_CURVE('',#769,#773,#407,.F.);
#775=ORIENTED_EDGE('',*,*,#774,.T.);
#776=CARTESIAN_POINT('',(44.13533761814537,8.779064490725771,46.));
#777=VERTEX_POINT('',#776);
#778=EDGE_CURVE('',#773,#777,#407,.F.);
#779=ORIENTED_EDGE('',*,*,#778,.T.);
#780=CARTESIAN_POINT('',(44.61501876182147,5.87367864990232,46.));
#781=VERTEX_POINT('',#780);
#782=EDGE_CURVE('',#777,#781,#407,.F.);
#783=ORIENTED_EDGE('',*,*,#782,.T.);
#784=CARTESIAN_POINT('',(44.903651545737155,2.9431408153564376,46.));
#785=VERTEX_POINT('',#784);
#786=EDGE_CURVE('',#781,#785,#407,.F.);
#787=ORIENTED_EDGE('',*,*,#786,.T.);
#788=EDGE_CURVE('',#785,#402,#407,.F.);
#789=ORIENTED_EDGE('',*,*,#788,.T.);
#790=ORIENTED_EDGE('',*,*,#403,.F.);
#791=EDGE_LOOP('',(#19,#23,#27,#31,#35,#39,#43,#47,#51,#55,#59,#63,#67,#71,#75,#79,#83,#87,#91,#95,#99,#103,#107,#111,#115,#119,#123,#127,#131,#135,#139,#143,#147,#151,#155,#159,#163,#167,#171,#175,#179,#183,#187,#191,#195,#199,#203,#207,#211,#215,#219,#223,#227,#231,#235,#239,#243,#247,#251,#255,#259,#263,#267,#271,#275,#279,#283,#287,#291,#295,#299,#303,#307,#311,#315,#319,#323,#327,#331,#335,#339,#343,#347,#351,#355,#359,#363,#367,#371,#375,#379,#383,#387,#391,#395,#397,#404,#411,#415,#419,#423,#427,#431,#435,#439,#443,#447,#451,#455,#459,#463,#467,#471,#475,#479,#483,#487,#491,#495,#499,#503,#507,#511,#515,#519,#523,#527,#531,#535,#539,#543,#547,#551,#555,#559,#563,#567,#571,#575,#579,#583,#587,#591,#595,#599,#603,#607,#611,#615,#619,#623,#627,#631,#635,#639,#643,#647,#651,#655,#659,#663,#667,#671,#675,#679,#683,#687,#691,#695,#699,#703,#707,#711,#715,#719,#723,#727,#731,#735,#739,#743,#747,#751,#755,#759,#763,#767,#771,#775,#779,#783,#787,#789,#790));
#792=FACE_OUTER_BOUND('',#791,.T.);
#793=ADVANCED_FACE('',(#792),#10,.T.);
#794=CARTESIAN_POINT('',(0.,0.,0.));
#795=AXIS2_PLACEMENT_3D('',#794,#11,#8);
#796=CONICAL_SURFACE('',#795,45.,0.7853981633974483);
#797=AXIS2_PLACEMENT_3D('',#794,#11,#8);
#798=CIRCLE('',#797,45.);
#799=CARTESIAN_POINT('',(45.,0.,0.));
#800=VERTEX_POINT('',#799);
#801=CARTESIAN_POINT('',(44.903651545737155,2.9431408153564376,0.));
#802=VERTEX_POINT('',#801);
#803=EDGE_CURVE('',#800,#802,#798,.T.);
#804=ORIENTED_EDGE('',*,*,#803,.T.);
#805=CARTESIAN_POINT('',(44.61501876182147,5.87367864990232,0.));
#806=VERTEX_POINT('',#805);
#807=EDGE_CURVE('',#802,#806,#798,.T.);
#808=ORIENTED_EDGE('',*,*,#807,.T.);
#809=CARTESIAN_POINT('',(44.13533761814537,8.779064490725771,0.));
#810=VERTEX_POINT('',#809);
#811=EDGE_CURVE('',#806,#810,#798,.T.);
#812=ORIENTED_EDGE('',*,*,#811,.T.);
#813=CARTESIAN_POINT('',(43.466662183008076,11.646857029613432,0.));
#814=VERTEX_POINT('',#813);
#815=EDGE_CURVE('',#810,#814,#798,.T.);
#816=ORIENTED_EDGE('',*,*,#815,.T.);
#817=CARTESIAN_POINT('',(42.611855827279754,14.464775938642271,0.));
#818=VERTEX_POINT('',#817);
#819=EDGE_CURVE('',#814,#818,#798,.T.);
#820=ORIENTED_EDGE('',*,*,#819,.T.);
#821=CARTESIAN_POINT('',(41.5745789630079,17.22075445642904,0.));
#822=VERTEX_POINT('',#821);
#823=EDGE_CURVE('',#818,#822,#798,.T.);
#824=ORIENTED_EDGE('',*,*,#823,.T.);
#825=CARTESIAN_POINT('',(40.359273368970975,19.902991059855054,0.));
#826=VERTEX_POINT('',#825);
#827=EDGE_CURVE('',#822,#826,#798,.T.);
#828=ORIENTED_EDGE('',*,*,#827,.T.);
#829=CARTESIAN_POINT('',(38.97114317029974,22.499999999999996,0.));
#830=VERTEX_POINT('',#829);
#831=EDGE_CURVE('',#826,#830,#798,.T.);
#832=ORIENTED_EDGE('',*,*,#831,.T.);
#833=CARTESIAN_POINT('',(37.41613255361454,25.000660485882097,0.));
#834=VERTEX_POINT('',#833);
#835=EDGE_CURVE('',#830,#834,#798,.T.);
#836=ORIENTED_EDGE('',*,*,#835,.T.);
#837=CARTESIAN_POINT('',(35.700900313105585,27.39426430539243,0.));
#838=VERTEX_POINT('',#837);
#839=EDGE_CURVE('',#834,#838,#798,.T.);
#840=ORIENTED_EDGE('',*,*,#839,.T.);
#841=CARTESIAN_POINT('',(33.83279133655398,29.6705616795031,0.));
#842=VERTEX_POINT('',#841);
#843=EDGE_CURVE('',#838,#842,#798,.T.);
#844=ORIENTED_EDGE('',*,*,#843,.T.);
#845=CARTESIAN_POINT('',(31.81980515339464,31.81980515339464,0.));
#846=VERTEX_POINT('',#845);
#847=EDGE_CURVE('',#842,#846,#798,.T.);
#848=ORIENTED_EDGE('',*,*,#847,.T.);
#849=CARTESIAN_POINT('',(29.6705616795031,33.83279133655398,0.));
#850=VERTEX_POINT('',#849);
#851=EDGE_CURVE('',#846,#850,#798,.T.);
#852=ORIENTED_EDGE('',*,*,#851,.T.);
#853=CARTESIAN_POINT('',(27.39426430539243,35.700900313105585,0.));
#854=VERTEX_POINT('',#853);
#855=EDGE_CURVE('',#850,#854,#798,.T.);
#856=ORIENTED_EDGE('',*,*,#855,.T.);
#857=CARTESIAN_POINT('',(25.000660485882108,37.41613255361453,0.));
#858=VERTEX_POINT('',#857);
#859=EDGE_CURVE('',#854,#858,#798,.T.);
#860=ORIENTED_EDGE('',*,*,#859,.T.);
#861=CARTESIAN_POINT('',(22.500000000000004,38.97114317029974,0.));
#862=VERTEX_POINT('',#861);
#863=EDGE_CURVE('',#858,#862,#798,.T.);
#864=ORIENTED_EDGE('',*,*,#863,.T.);
#865=CARTESIAN_POINT('',(19.902991059855054,40.359273368970975,0.));
#866=VERTEX_POINT('',#865);
#867=EDGE_CURVE('',#862,#866,#798,.T.);
#868=ORIENTED_EDGE('',*,*,#867,.T.);
#869=CARTESIAN_POINT('',(17.22075445642904,41.5745789630079,0.));
#870=VERTEX_POINT('',#869);
#871=EDGE_CURVE('',#866,#870,#798,.T.);
#872=ORIENTED_EDGE('',*,*,#871,.T.);
#873=CARTESIAN_POINT('',(14.464775938642276,42.611855827279754,0.));
#874=VERTEX_POINT('',#873);
#875=EDGE_CURVE('',#870,#874,#798,.T.);
#876=ORIENTED_EDGE('',*,*,#875,.T.);
#877=CARTESIAN_POINT('',(11.646857029613432,43.466662183008076,0.));
#878=VERTEX_POINT('',#877);
#879=EDGE_CURVE('',#874,#878,#798,.T.);
#880=ORIENTED_EDGE('',*,*,#879,.T.);
#881=CARTESIAN_POINT('',(8.779064490725775,44.13533761814537,0.));
#882=VERTEX_POINT('',#881);
#883=EDGE_CURVE('',#878,#882,#798,.T.);
#884=ORIENTED_EDGE('',*,*,#883,.T.);
#885=CARTESIAN_POINT('',(5.8736786499023275,44.61501876182147,0.));
#886=VERTEX_POINT('',#885);
#887=EDGE_CURVE('',#882,#886,#798,.T.);
#888=ORIENTED_EDGE('',*,*,#887,.T.);
#889=CARTESIAN_POINT('',(2.9431408153564473,44.903651545737155,0.));
#890=VERTEX_POINT('',#889);
#891=EDGE_CURVE('',#886,#890,#798,.T.);
#892=ORIENTED_EDGE('',*,*,#891,.T.);
#893=CARTESIAN_POINT('',(2.7554552980815448E-15,45.,0.));
#894=VERTEX_POINT('',#893);
#895=EDGE_CURVE('',#890,#894,#798,.T.);
#896=ORIENTED_EDGE('',*,*,#895,.T.);
#897=CARTESIAN_POINT('',(-2.9431408153564416,44.903651545737155,0.));
#898=VERTEX_POINT('',#897);
#899=EDGE_CURVE('',#894,#898,#798,.T.);
#900=ORIENTED_EDGE('',*,*,#899,.T.);
#901=CARTESIAN_POINT('',(-5.873678649902322,44.61501876182147,0.));
#902=VERTEX_POINT('',#901);
#903=EDGE_CURVE('',#898,#902,#798,.T.);
#904=ORIENTED_EDGE('',*,*,#903,.T.);
#905=CARTESIAN_POINT('',(-8.77906449072577,44.13533761814537,0.));
#906=VERTEX_POINT('',#905);
#907=EDGE_CURVE('',#902,#906,#798,.T.);
#908=ORIENTED_EDGE('',*,*,#907,.T.);
#909=CARTESIAN_POINT('',(-11.646857029613429,43.466662183008076,0.));
#910=VERTEX_POINT('',#909);
#911=EDGE_CURVE('',#906,#910,#798,.T.);
#912=ORIENTED_EDGE('',*,*,#911,.T.);
#913=CARTESIAN_POINT('',(-14.464775938642271,42.611855827279754,0.));
#914=VERTEX_POINT('',#913);
#915=EDGE_CURVE('',#910,#914,#798,.T.);
#916=ORIENTED_EDGE('',*,*,#915,.T.);
#917=CARTESIAN_POINT('',(-17.220754456429027,41.57457896300791,0.));
#918=VERTEX_POINT('',#917);
#919=EDGE_CURVE('',#914,#918,#798,.T.);
#920=ORIENTED_EDGE('',*,*,#919,.T.);
#921=CARTESIAN_POINT('',(-19.90299105985505,40.359273368970975,0.));
#922=VERTEX_POINT('',#921);
#923=EDGE_CURVE('',#918,#922,#798,.T.);
#924=ORIENTED_EDGE('',*,*,#923,.T.);
#925=CARTESIAN_POINT('',(-22.49999999999999,38.97114317029974,0.));
#926=VERTEX_POINT('',#925);
#927=EDGE_CURVE('',#922,#926,#798,.T.);
#928=ORIENTED_EDGE('',*,*,#927,.T.);
#929=CARTESIAN_POINT('',(-25.000660485882104,37.41613255361453,0.));
#930=VERTEX_POINT('',#929);
#931=EDGE_CURVE('',#926,#930,#798,.T.);
#932=ORIENTED_EDGE('',*,*,#931,.T.);
#933=CARTESIAN_POINT('',(-27.39426430539243,35.700900313105585,0.));
#934=VERTEX_POINT('',#933);
#935=EDGE_CURVE('',#930,#934,#798,.T.);
#936=ORIENTED_EDGE('',*,*,#935,.T.);
#937=CARTESIAN_POINT('',(-29.6705616795031,33.83279133655398,0.));
#938=VERTEX_POINT('',#937);
#939=EDGE_CURVE('',#934,#938,#798,.T.);
#940=ORIENTED_EDGE('',*,*,#939,.T.);
#941=CARTESIAN_POINT('',(-31.819805153394636,31.81980515339464,0.));
#942=VERTEX_POINT('',#941);
#943=EDGE_CURVE('',#938,#942,#798,.T.);
#944=ORIENTED_EDGE('',*,*,#943,.T.);
#945=CARTESIAN_POINT('',(-33.832791336553974,29.670561679503102,0.));
#946=VERTEX_POINT('',#945);
#947=EDGE_CURVE('',#942,#946,#798,.T.);
#948=ORIENTED_EDGE('',*,*,#947,.T.);
#949=CARTESIAN_POINT('',(-35.70090031310558,27.39426430539244,0.));
#950=VERTEX_POINT('',#949);
#951=EDGE_CURVE('',#946,#950,#798,.T.);
#952=ORIENTED_EDGE('',*,*,#951,.T.);
#953=CARTESIAN_POINT('',(-37.416132553614524,25.00066048588211,0.));
#954=VERTEX_POINT('',#953);
#955=EDGE_CURVE('',#950,#954,#798,.T.);
#956=ORIENTED_EDGE('',*,*,#955,.T.);
#957=CARTESIAN_POINT('',(-38.97114317029974,22.499999999999996,0.));
#958=VERTEX_POINT('',#957);
#959=EDGE_CURVE('',#954,#958,#798,.T.);
#960=ORIENTED_EDGE('',*,*,#959,.T.);
#961=CARTESIAN_POINT('',(-40.35927336897097,19.902991059855076,0.));
#962=VERTEX_POINT('',#961);
#963=EDGE_CURVE('',#958,#962,#798,.T.);
#964=ORIENTED_EDGE('',*,*,#963,.T.);
#965=CARTESIAN_POINT('',(-41.5745789630079,17.220754456429045,0.));
#966=VERTEX_POINT('',#965);
#967=EDGE_CURVE('',#962,#966,#798,.T.);
#968=ORIENTED_EDGE('',*,*,#967,.T.);
#969=CARTESIAN_POINT('',(-42.611855827279754,14.464775938642278,0.));
#970=VERTEX_POINT('',#969);
#971=EDGE_CURVE('',#966,#970,#798,.T.);
#972=ORIENTED_EDGE('',*,*,#971,.T.);
#973=CARTESIAN_POINT('',(-43.46666218300807,11.646857029613447,0.));
#974=VERTEX_POINT('',#973);
#975=EDGE_CURVE('',#970,#974,#798,.T.);
#976=ORIENTED_EDGE('',*,*,#975,.T.);
#977=CARTESIAN_POINT('',(-44.13533761814537,8.779064490725768,0.));
#978=VERTEX_POINT('',#977);
#979=EDGE_CURVE('',#974,#978,#798,.T.);
#980=ORIENTED_EDGE('',*,*,#979,.T.);
#981=CARTESIAN_POINT('',(-44.61501876182147,5.87367864990234,0.));
#982=VERTEX_POINT('',#981);
#983=EDGE_CURVE('',#978,#982,#798,.T.);
#984=ORIENTED_EDGE('',*,*,#983,.T.);
#985=CARTESIAN_POINT('',(-44.903651545737155,2.9431408153564402,0.));
#986=VERTEX_POINT('',#985);
#987=EDGE_CURVE('',#982,#986,#798,.T.);
#988=ORIENTED_EDGE('',*,*,#987,.T.);
#989=CARTESIAN_POINT('',(-45.,5.5109105961630896E-15,0.));
#990=VERTEX_POINT('',#989);
#991=EDGE_CURVE('',#986,#990,#798,.T.);
#992=ORIENTED_EDGE('',*,*,#991,.T.);
#993=CARTESIAN_POINT('',(-44.903651545737155,-2.943140815356429,0.));
#994=VERTEX_POINT('',#993);
#995=EDGE_CURVE('',#990,#994,#798,.T.);
#996=ORIENTED_EDGE('',*,*,#995,.T.);
#997=CARTESIAN_POINT('',(-44.61501876182147,-5.873678649902329,0.));
#998=VERTEX_POINT('',#997);
#999=EDGE_CURVE('',#994,#998,#798,.T.);
#1000=ORIENTED_EDGE('',*,*,#999,.T.);
#1001=CARTESIAN_POINT('',(-44.13533761814537,-8.779064490725757,0.));
#1002=VERTEX_POINT('',#1001);
#1003=EDGE_CURVE('',#998,#1002,#798,.T.);
#1004=ORIENTED_EDGE('',*,*,#1003,.T.);
#1005=CARTESIAN_POINT('',(-43.466662183008076,-11.646857029613436,0.));
#1006=VERTEX_POINT('',#1005);
#1007=EDGE_CURVE('',#1002,#1006,#798,.T.);
#1008=ORIENTED_EDGE('',*,*,#1007,.T.);
#1009=CARTESIAN_POINT('',(-42.611855827279754,-14.46477593864227,0.));
#1010=VERTEX_POINT('',#1009);
#1011=EDGE_CURVE('',#1006,#1010,#798,.T.);
#1012=ORIENTED_EDGE('',*,*,#1011,.T.);
#1013=CARTESIAN_POINT('',(-41.57457896300791,-17.220754456429034,0.));
#1014=VERTEX_POINT('',#1013);
#1015=EDGE_CURVE('',#1010,#1014,#798,.T.);
#1016=ORIENTED_EDGE('',*,*,#1015,.T.);
#1017=CARTESIAN_POINT('',(-40.359273368970975,-19.902991059855065,0.));
#1018=VERTEX_POINT('',#1017);
#1019=EDGE_CURVE('',#1014,#1018,#798,.T.);
#1020=ORIENTED_EDGE('',*,*,#1019,.T.);
#1021=CARTESIAN_POINT('',(-38.97114317029975,-22.499999999999986,0.));
#1022=VERTEX_POINT('',#1021);
#1023=EDGE_CURVE('',#1018,#1022,#798,.T.);
#1024=ORIENTED_EDGE('',*,*,#1023,.T.);
#1025=CARTESIAN_POINT('',(-37.416132553614545,-25.000660485882086,0.));
#1026=VERTEX_POINT('',#1025);
#1027=EDGE_CURVE('',#1022,#1026,#798,.T.);
#1028=ORIENTED_EDGE('',*,*,#1027,.T.);
#1029=CARTESIAN_POINT('',(-35.700900313105585,-27.39426430539243,0.));
#1030=VERTEX_POINT('',#1029);
#1031=EDGE_CURVE('',#1026,#1030,#798,.T.);
#1032=ORIENTED_EDGE('',*,*,#1031,.T.);
#1033=CARTESIAN_POINT('',(-33.83279133655398,-29.6705616795031,0.));
#1034=VERTEX_POINT('',#1033);
#1035=EDGE_CURVE('',#1030,#1034,#798,.T.);
#1036=ORIENTED_EDGE('',*,*,#1035,.T.);
#1037=CARTESIAN_POINT('',(-31.819805153394654,-31.819805153394622,0.));
#1038=VERTEX_POINT('',#1037);
#1039=EDGE_CURVE('',#1034,#1038,#798,.T.);
#1040=ORIENTED_EDGE('',*,*,#1039,.T.);
#1041=CARTESIAN_POINT('',(-29.67056167950311,-33.832791336553974,0.));
#1042=VERTEX_POINT('',#1041);
#1043=EDGE_CURVE('',#1038,#1042,#798,.T.);
#1044=ORIENTED_EDGE('',*,*,#1043,.T.);
#1045=CARTESIAN_POINT('',(-27.39426430539244,-35.70090031310557,0.));
#1046=VERTEX_POINT('',#1045);
#1047=EDGE_CURVE('',#1042,#1046,#798,.T.);
#1048=ORIENTED_EDGE('',*,*,#1047,.T.);
#1049=CARTESIAN_POINT('',(-25.000660485882097,-37.41613255361454,0.));
#1050=VERTEX_POINT('',#1049);
#1051=EDGE_CURVE('',#1046,#1050,#798,.T.);
#1052=ORIENTED_EDGE('',*,*,#1051,.T.);
#1053=CARTESIAN_POINT('',(-22.50000000000002,-38.97114317029973,0.));
#1054=VERTEX_POINT('',#1053);
#1055=EDGE_CURVE('',#1050,#1054,#798,.T.);
#1056=ORIENTED_EDGE('',*,*,#1055,.T.);
#1057=CARTESIAN_POINT('',(-19.90299105985506,-40.359273368970975,0.));
#1058=VERTEX_POINT('',#1057);
#1059=EDGE_CURVE('',#1054,#1058,#798,.T.);
#1060=ORIENTED_EDGE('',*,*,#1059,.T.);
#1061=CARTESIAN_POINT('',(-17.220754456429027,-41.57457896300791,0.));
#1062=VERTEX_POINT('',#1061);
#1063=EDGE_CURVE('',#1058,#1062,#798,.T.);
#1064=ORIENTED_EDGE('',*,*,#1063,.T.);
#1065=CARTESIAN_POINT('',(-14.464775938642282,-42.611855827279754,0.));
#1066=VERTEX_POINT('',#1065);
#1067=EDGE_CURVE('',#1062,#1066,#798,.T.);
#1068=ORIENTED_EDGE('',*,*,#1067,.T.);
#1069=CARTESIAN_POINT('',(-11.646857029613429,-43.466662183008076,0.));
#1070=VERTEX_POINT('',#1069);
#1071=EDGE_CURVE('',#1066,#1070,#798,.T.);
#1072=ORIENTED_EDGE('',*,*,#1071,.T.);
#1073=CARTESIAN_POINT('',(-8.77906449072579,-44.135337618145364,0.));
#1074=VERTEX_POINT('',#1073);
#1075=EDGE_CURVE('',#1070,#1074,#798,.T.);
#1076=ORIENTED_EDGE('',*,*,#1075,.T.);
#1077=CARTESIAN_POINT('',(-5.873678649902323,-44.61501876182147,0.));
#1078=VERTEX_POINT('',#1077);
#1079=EDGE_CURVE('',#1074,#1078,#798,.T.);
#1080=ORIENTED_EDGE('',*,*,#1079,.T.);
#1081=CARTESIAN_POINT('',(-2.943140815356423,-44.903651545737155,0.));
#1082=VERTEX_POINT('',#1081);
#1083=EDGE_CURVE('',#1078,#1082,#798,.T.);
#1084=ORIENTED_EDGE('',*,*,#1083,.T.);
#1085=CARTESIAN_POINT('',(-8.266365894244634E-15,-45.,0.));
#1086=VERTEX_POINT('',#1085);
#1087=EDGE_CURVE('',#1082,#1086,#798,.T.);
#1088=ORIENTED_EDGE('',*,*,#1087,.T.);
#1089=CARTESIAN_POINT('',(2.9431408153564065,-44.90365154573716,0.));
#1090=VERTEX_POINT('',#1089);
#1091=EDGE_CURVE('',#1086,#1090,#798,.T.);
#1092=ORIENTED_EDGE('',*,*,#1091,.T.);
#1093=CARTESIAN_POINT('',(5.873678649902307,-44.615018761821474,0.));
#1094=VERTEX_POINT('',#1093);
#1095=EDGE_CURVE('',#1090,#1094,#798,.T.);
#1096=ORIENTED_EDGE('',*,*,#1095,.T.);
#1097=CARTESIAN_POINT('',(8.779064490725773,-44.13533761814537,0.));
#1098=VERTEX_POINT('',#1097);
#1099=EDGE_CURVE('',#1094,#1098,#798,.T.);
#1100=ORIENTED_EDGE('',*,*,#1099,.T.);
#1101=CARTESIAN_POINT('',(11.646857029613413,-43.466662183008076,0.));
#1102=VERTEX_POINT('',#1101);
#1103=EDGE_CURVE('',#1098,#1102,#798,.T.);
#1104=ORIENTED_EDGE('',*,*,#1103,.T.);
#1105=CARTESIAN_POINT('',(14.464775938642266,-42.611855827279754,0.));
#1106=VERTEX_POINT('',#1105);
#1107=EDGE_CURVE('',#1102,#1106,#798,.T.);
#1108=ORIENTED_EDGE('',*,*,#1107,.T.);
#1109=CARTESIAN_POINT('',(17.220754456429013,-41.574578963007916,0.));
#1110=VERTEX_POINT('',#1109);
#1111=EDGE_CURVE('',#1106,#1110,#798,.T.);
#1112=ORIENTED_EDGE('',*,*,#1111,.T.);
#1113=CARTESIAN_POINT('',(19.902991059855047,-40.359273368970975,0.));
#1114=VERTEX_POINT('',#1113);
#1115=EDGE_CURVE('',#1110,#1114,#798,.T.);
#1116=ORIENTED_EDGE('',*,*,#1115,.T.);
#1117=CARTESIAN_POINT('',(22.500000000000004,-38.97114317029974,0.));
#1118=VERTEX_POINT('',#1117);
#1119=EDGE_CURVE('',#1114,#1118,#798,.T.);
#1120=ORIENTED_EDGE('',*,*,#1119,.T.);
#1121=CARTESIAN_POINT('',(25.000660485882083,-37.416132553614545,0.));
#1122=VERTEX_POINT('',#1121);
#1123=EDGE_CURVE('',#1118,#1122,#798,.T.);
#1124=ORIENTED_EDGE('',*,*,#1123,.T.);
#1125=CARTESIAN_POINT('',(27.394264305392394,-35.700900313105606,0.));
#1126=VERTEX_POINT('',#1125);
#1127=EDGE_CURVE('',#1122,#1126,#798,.T.);
#1128=ORIENTED_EDGE('',*,*,#1127,.T.);
#1129=CARTESIAN_POINT('',(29.67056167950311,-33.832791336553974,0.));
#1130=VERTEX_POINT('',#1129);
#1131=EDGE_CURVE('',#1126,#1130,#798,.T.);
#1132=ORIENTED_EDGE('',*,*,#1131,.T.);
#1133=CARTESIAN_POINT('',(31.81980515339463,-31.819805153394647,0.));
#1134=VERTEX_POINT('',#1133);
#1135=EDGE_CURVE('',#1130,#1134,#798,.T.);
#1136=ORIENTED_EDGE('',*,*,#1135,.T.);
#1137=CARTESIAN_POINT('',(33.83279133655399,-29.67056167950309,0.));
#1138=VERTEX_POINT('',#1137);
#1139=EDGE_CURVE('',#1134,#1138,#798,.T.);
#1140=ORIENTED_EDGE('',*,*,#1139,.T.);
#1141=CARTESIAN_POINT('',(35.70090031310557,-27.394264305392444,0.));
#1142=VERTEX_POINT('',#1141);
#1143=EDGE_CURVE('',#1138,#1142,#798,.T.);
#1144=ORIENTED_EDGE('',*,*,#1143,.T.);
#1145=CARTESIAN_POINT('',(37.41613255361451,-25.000660485882133,0.));
#1146=VERTEX_POINT('',#1145);
#1147=EDGE_CURVE('',#1142,#1146,#798,.T.);
#1148=ORIENTED_EDGE('',*,*,#1147,.T.);
#1149=CARTESIAN_POINT('',(38.971143170299726,-22.50000000000002,0.));
#1150=VERTEX_POINT('',#1149);
#1151=EDGE_CURVE('',#1146,#1150,#798,.T.);
#1152=ORIENTED_EDGE('',*,*,#1151,.T.);
#1153=CARTESIAN_POINT('',(40.359273368970975,-19.902991059855065,0.));
#1154=VERTEX_POINT('',#1153);
#1155=EDGE_CURVE('',#1150,#1154,#798,.T.);
#1156=ORIENTED_EDGE('',*,*,#1155,.T.);
#1157=CARTESIAN_POINT('',(41.57457896300791,-17.22075445642903,0.));
#1158=VERTEX_POINT('',#1157);
#1159=EDGE_CURVE('',#1154,#1158,#798,.T.);
#1160=ORIENTED_EDGE('',*,*,#1159,.T.);
#1161=CARTESIAN_POINT('',(42.611855827279754,-14.464775938642283,0.));
#1162=VERTEX_POINT('',#1161);
#1163=EDGE_CURVE('',#1158,#1162,#798,.T.);
#1164=ORIENTED_EDGE('',*,*,#1163,.T.);
#1165=CARTESIAN_POINT('',(43.46666218300806,-11.646857029613471,0.));
#1166=VERTEX_POINT('',#1165);
#1167=EDGE_CURVE('',#1162,#1166,#798,.T.);
#1168=ORIENTED_EDGE('',*,*,#1167,.T.);
#1169=CARTESIAN_POINT('',(44.135337618145364,-8.779064490725792,0.));
#1170=VERTEX_POINT('',#1169);
#1171=EDGE_CURVE('',#1166,#1170,#798,.T.);
#1172=ORIENTED_EDGE('',*,*,#1171,.T.);
#1173=CARTESIAN_POINT('',(44.61501876182147,-5.873678649902326,0.));
#1174=VERTEX_POINT('',#1173);
#1175=EDGE_CURVE('',#1170,#1174,#798,.T.);
#1176=ORIENTED_EDGE('',*,*,#1175,.T.);
#1177=CARTESIAN_POINT('',(44.903651545737155,-2.943140815356426,0.));
#1178=VERTEX_POINT('',#1177);
#1179=EDGE_CURVE('',#1174,#1178,#798,.T.);
#1180=ORIENTED_EDGE('',*,*,#1179,.T.);
#1181=EDGE_CURVE('',#1178,#800,#798,.T.);
#1182=ORIENTED_EDGE('',*,*,#1181,.T.);
#1183=DIRECTION('',(0.7071067811865475,0.,0.7071067811865475));
#1184=VECTOR('',#1183,7.0710678118654755);
#1185=LINE('',#799,#1184);
#1186=CARTESIAN_POINT('',(50.,0.,5.));
#1187=VERTEX_POINT('',#1186);
#1188=EDGE_CURVE('',#800,#1187,#1185,.T.);
#1189=ORIENTED_EDGE('',*,*,#1188,.T.);
#1190=CARTESIAN_POINT('',(0.,0.,5.));
#1191=AXIS2_PLACEMENT_3D('',#1190,#11,#8);
#1192=CIRCLE('',#1191,50.);
#1193=CARTESIAN_POINT('',(49.892946161930176,-3.27015646150714,5.));
#1194=VERTEX_POINT('',#1193);
#1195=EDGE_CURVE('',#1187,#1194,#1192,.F.);
#1196=ORIENTED_EDGE('',*,*,#1195,.T.);
#1197=CARTESIAN_POINT('',(49.57224306869052,-6.526309611002584,5.));
#1198=VERTEX_POINT('',#1197);
#1199=EDGE_CURVE('',#1194,#1198,#1192,.F.);
#1200=ORIENTED_EDGE('',*,*,#1199,.T.);
#1201=CARTESIAN_POINT('',(49.03926402016152,-9.754516100806436,5.));
#1202=VERTEX_POINT('',#1201);
#1203=EDGE_CURVE('',#1198,#1202,#1192,.F.);
#1204=ORIENTED_EDGE('',*,*,#1203,.T.);
#1205=CARTESIAN_POINT('',(48.296291314453406,-12.940952255126078,5.));
#1206=VERTEX_POINT('',#1205);
#1207=EDGE_CURVE('',#1202,#1206,#1192,.F.);
#1208=ORIENTED_EDGE('',*,*,#1207,.T.);
#1209=CARTESIAN_POINT('',(47.34650647475528,-16.071973265158093,5.));
#1210=VERTEX_POINT('',#1209);
#1211=EDGE_CURVE('',#1206,#1210,#1192,.F.);
#1212=ORIENTED_EDGE('',*,*,#1211,.T.);
#1213=CARTESIAN_POINT('',(46.19397662556434,-19.134171618254477,5.));
#1214=VERTEX_POINT('',#1213);
#1215=EDGE_CURVE('',#1210,#1214,#1192,.F.);
#1216=ORIENTED_EDGE('',*,*,#1215,.T.);
#1217=CARTESIAN_POINT('',(44.843637076634415,-22.11443451095007,5.));
#1218=VERTEX_POINT('',#1217);
#1219=EDGE_CURVE('',#1214,#1218,#1192,.F.);
#1220=ORIENTED_EDGE('',*,*,#1219,.T.);
#1221=CARTESIAN_POINT('',(43.30127018922192,-25.00000000000002,5.));
#1222=VERTEX_POINT('',#1221);
#1223=EDGE_CURVE('',#1218,#1222,#1192,.F.);
#1224=ORIENTED_EDGE('',*,*,#1223,.T.);
#1225=CARTESIAN_POINT('',(41.57348061512723,-27.778511650980146,5.));
#1226=VERTEX_POINT('',#1225);
#1227=EDGE_CURVE('',#1222,#1226,#1192,.F.);
#1228=ORIENTED_EDGE('',*,*,#1227,.T.);
#1229=CARTESIAN_POINT('',(39.667667014561744,-30.43807145043605,5.));
#1230=VERTEX_POINT('',#1229);
#1231=EDGE_CURVE('',#1226,#1230,#1192,.F.);
#1232=ORIENTED_EDGE('',*,*,#1231,.T.);
#1233=CARTESIAN_POINT('',(37.591990373948875,-32.96729075500344,5.));
#1234=VERTEX_POINT('',#1233);
#1235=EDGE_CURVE('',#1230,#1234,#1192,.F.);
#1236=ORIENTED_EDGE('',*,*,#1235,.T.);
#1237=CARTESIAN_POINT('',(35.35533905932737,-35.355339059327385,5.));
#1238=VERTEX_POINT('',#1237);
#1239=EDGE_CURVE('',#1234,#1238,#1192,.F.);
#1240=ORIENTED_EDGE('',*,*,#1239,.T.);
#1241=CARTESIAN_POINT('',(32.967290755003454,-37.59199037394886,5.));
#1242=VERTEX_POINT('',#1241);
#1243=EDGE_CURVE('',#1238,#1242,#1192,.F.);
#1244=ORIENTED_EDGE('',*,*,#1243,.T.);
#1245=CARTESIAN_POINT('',(30.438071450435995,-39.667667014561786,5.));
#1246=VERTEX_POINT('',#1245);
#1247=EDGE_CURVE('',#1242,#1246,#1192,.F.);
#1248=ORIENTED_EDGE('',*,*,#1247,.T.);
#1249=CARTESIAN_POINT('',(27.778511650980093,-41.57348061512727,5.));
#1250=VERTEX_POINT('',#1249);
#1251=EDGE_CURVE('',#1246,#1250,#1192,.F.);
#1252=ORIENTED_EDGE('',*,*,#1251,.T.);
#1253=CARTESIAN_POINT('',(25.000000000000007,-43.30127018922193,5.));
#1254=VERTEX_POINT('',#1253);
#1255=EDGE_CURVE('',#1250,#1254,#1192,.F.);
#1256=ORIENTED_EDGE('',*,*,#1255,.T.);
#1257=CARTESIAN_POINT('',(22.11443451095005,-44.843637076634415,5.));
#1258=VERTEX_POINT('',#1257);
#1259=EDGE_CURVE('',#1254,#1258,#1192,.F.);
#1260=ORIENTED_EDGE('',*,*,#1259,.T.);
#1261=CARTESIAN_POINT('',(19.13417161825446,-46.193976625564346,5.));
#1262=VERTEX_POINT('',#1261);
#1263=EDGE_CURVE('',#1258,#1262,#1192,.F.);
#1264=ORIENTED_EDGE('',*,*,#1263,.T.);
#1265=CARTESIAN_POINT('',(16.071973265158075,-47.34650647475529,5.));
#1266=VERTEX_POINT('',#1265);
#1267=EDGE_CURVE('',#1262,#1266,#1192,.F.);
#1268=ORIENTED_EDGE('',*,*,#1267,.T.);
#1269=CARTESIAN_POINT('',(12.940952255126014,-48.29629131445342,5.));
#1270=VERTEX_POINT('',#1269);
#1271=EDGE_CURVE('',#1266,#1270,#1192,.F.);
#1272=ORIENTED_EDGE('',*,*,#1271,.T.);
#1273=CARTESIAN_POINT('',(9.754516100806415,-49.039264020161525,5.));
#1274=VERTEX_POINT('',#1273);
#1275=EDGE_CURVE('',#1270,#1274,#1192,.F.);
#1276=ORIENTED_EDGE('',*,*,#1275,.T.);
#1277=CARTESIAN_POINT('',(6.526309611002564,-49.572243068690526,5.));
#1278=VERTEX_POINT('',#1277);
#1279=EDGE_CURVE('',#1274,#1278,#1192,.F.);
#1280=ORIENTED_EDGE('',*,*,#1279,.T.);
#1281=CARTESIAN_POINT('',(3.2701564615071184,-49.892946161930176,5.));
#1282=VERTEX_POINT('',#1281);
#1283=EDGE_CURVE('',#1278,#1282,#1192,.F.);
#1284=ORIENTED_EDGE('',*,*,#1283,.T.);
#1285=CARTESIAN_POINT('',(-9.184850993605149E-15,-50.,5.));
#1286=VERTEX_POINT('',#1285);
#1287=EDGE_CURVE('',#1282,#1286,#1192,.F.);
#1288=ORIENTED_EDGE('',*,*,#1287,.T.);
#1289=CARTESIAN_POINT('',(-3.2701564615071366,-49.892946161930176,5.));
#1290=VERTEX_POINT('',#1289);
#1291=EDGE_CURVE('',#1286,#1290,#1192,.F.);
#1292=ORIENTED_EDGE('',*,*,#1291,.T.);
#1293=CARTESIAN_POINT('',(-6.526309611002581,-49.57224306869052,5.));
#1294=VERTEX_POINT('',#1293);
#1295=EDGE_CURVE('',#1290,#1294,#1192,.F.);
#1296=ORIENTED_EDGE('',*,*,#1295,.T.);
#1297=CARTESIAN_POINT('',(-9.754516100806434,-49.03926402016152,5.));
#1298=VERTEX_POINT('',#1297);
#1299=EDGE_CURVE('',#1294,#1298,#1192,.F.);
#1300=ORIENTED_EDGE('',*,*,#1299,.T.);
#1301=CARTESIAN_POINT('',(-12.940952255126032,-48.29629131445341,5.));
#1302=VERTEX_POINT('',#1301);
#1303=EDGE_CURVE('',#1298,#1302,#1192,.F.);
#1304=ORIENTED_EDGE('',*,*,#1303,.T.);
#1305=CARTESIAN_POINT('',(-16.07197326515809,-47.34650647475528,5.));
#1306=VERTEX_POINT('',#1305);
#1307=EDGE_CURVE('',#1302,#1306,#1192,.F.);
#1308=ORIENTED_EDGE('',*,*,#1307,.T.);
#1309=CARTESIAN_POINT('',(-19.134171618254474,-46.19397662556434,5.));
#1310=VERTEX_POINT('',#1309);
#1311=EDGE_CURVE('',#1306,#1310,#1192,.F.);
#1312=ORIENTED_EDGE('',*,*,#1311,.T.);
#1313=CARTESIAN_POINT('',(-22.11443451095007,-44.843637076634415,5.));
#1314=VERTEX_POINT('',#1313);
#1315=EDGE_CURVE('',#1310,#1314,#1192,.F.);
#1316=ORIENTED_EDGE('',*,*,#1315,.T.);
#1317=CARTESIAN_POINT('',(-25.00000000000002,-43.301270189221924,5.));
#1318=VERTEX_POINT('',#1317);
#1319=EDGE_CURVE('',#1314,#1318,#1192,.F.);
#1320=ORIENTED_EDGE('',*,*,#1319,.T.);
#1321=CARTESIAN_POINT('',(-27.778511650980107,-41.57348061512726,5.));
#1322=VERTEX_POINT('',#1321);
#1323=EDGE_CURVE('',#1318,#1322,#1192,.F.);
#1324=ORIENTED_EDGE('',*,*,#1323,.T.);
#1325=CARTESIAN_POINT('',(-30.438071450436045,-39.667667014561744,5.));
#1326=VERTEX_POINT('',#1325);
#1327=EDGE_CURVE('',#1322,#1326,#1192,.F.);
#1328=ORIENTED_EDGE('',*,*,#1327,.T.);
#1329=CARTESIAN_POINT('',(-32.967290755003454,-37.59199037394886,5.));
#1330=VERTEX_POINT('',#1329);
#1331=EDGE_CURVE('',#1326,#1330,#1192,.F.);
#1332=ORIENTED_EDGE('',*,*,#1331,.T.);
#1333=CARTESIAN_POINT('',(-35.35533905932739,-35.355339059327356,5.));
#1334=VERTEX_POINT('',#1333);
#1335=EDGE_CURVE('',#1330,#1334,#1192,.F.);
#1336=ORIENTED_EDGE('',*,*,#1335,.T.);
#1337=CARTESIAN_POINT('',(-37.59199037394887,-32.96729075500344,5.));
#1338=VERTEX_POINT('',#1337);
#1339=EDGE_CURVE('',#1334,#1338,#1192,.F.);
#1340=ORIENTED_EDGE('',*,*,#1339,.T.);
#1341=CARTESIAN_POINT('',(-39.66766701456176,-30.438071450436034,5.));
#1342=VERTEX_POINT('',#1341);
#1343=EDGE_CURVE('',#1338,#1342,#1192,.F.);
#1344=ORIENTED_EDGE('',*,*,#1343,.T.);
#1345=CARTESIAN_POINT('',(-41.57348061512727,-27.778511650980096,5.));
#1346=VERTEX_POINT('',#1345);
#1347=EDGE_CURVE('',#1342,#1346,#1192,.F.);
#1348=ORIENTED_EDGE('',*,*,#1347,.T.);
#1349=CARTESIAN_POINT('',(-43.30127018922194,-24.999999999999986,5.));
#1350=VERTEX_POINT('',#1349);
#1351=EDGE_CURVE('',#1346,#1350,#1192,.F.);
#1352=ORIENTED_EDGE('',*,*,#1351,.T.);
#1353=CARTESIAN_POINT('',(-44.843637076634415,-22.114434510950073,5.));
#1354=VERTEX_POINT('',#1353);
#1355=EDGE_CURVE('',#1350,#1354,#1192,.F.);
#1356=ORIENTED_EDGE('',*,*,#1355,.T.);
#1357=CARTESIAN_POINT('',(-46.19397662556434,-19.134171618254484,5.));
#1358=VERTEX_POINT('',#1357);
#1359=EDGE_CURVE('',#1354,#1358,#1192,.F.);
#1360=ORIENTED_EDGE('',*,*,#1359,.T.);
#1361=CARTESIAN_POINT('',(-47.34650647475529,-16.071973265158075,5.));
#1362=VERTEX_POINT('',#1361);
#1363=EDGE_CURVE('',#1358,#1362,#1192,.F.);
#1364=ORIENTED_EDGE('',*,*,#1363,.T.);
#1365=CARTESIAN_POINT('',(-48.29629131445341,-12.94095225512604,5.));
#1366=VERTEX_POINT('',#1365);
#1367=EDGE_CURVE('',#1362,#1366,#1192,.F.);
#1368=ORIENTED_EDGE('',*,*,#1367,.T.);
#1369=CARTESIAN_POINT('',(-49.039264020161525,-9.754516100806395,5.));
#1370=VERTEX_POINT('',#1369);
#1371=EDGE_CURVE('',#1366,#1370,#1192,.F.);
#1372=ORIENTED_EDGE('',*,*,#1371,.T.);
#1373=CARTESIAN_POINT('',(-49.57224306869052,-6.526309611002588,5.));
#1374=VERTEX_POINT('',#1373);
#1375=EDGE_CURVE('',#1370,#1374,#1192,.F.);
#1376=ORIENTED_EDGE('',*,*,#1375,.T.);
#1377=CARTESIAN_POINT('',(-49.892946161930176,-3.2701564615071432,5.));
#1378=VERTEX_POINT('',#1377);
#1379=EDGE_CURVE('',#1374,#1378,#1192,.F.);
#1380=ORIENTED_EDGE('',*,*,#1379,.T.);
#1381=CARTESIAN_POINT('',(-50.,6.123233995736766E-15,5.));
#1382=VERTEX_POINT('',#1381);
#1383=EDGE_CURVE('',#1378,#1382,#1192,.F.);
#1384=ORIENTED_EDGE('',*,*,#1383,.T.);
#1385=CARTESIAN_POINT('',(-49.892946161930176,3.2701564615071557,5.));
#1386=VERTEX_POINT('',#1385);
#1387=EDGE_CURVE('',#1382,#1386,#1192,.F.);
#1388=ORIENTED_EDGE('',*,*,#1387,.T.);
#1389=CARTESIAN_POINT('',(-49.57224306869052,6.526309611002599,5.));
#1390=VERTEX_POINT('',#1389);
#1391=EDGE_CURVE('',#1386,#1390,#1192,.F.);
#1392=ORIENTED_EDGE('',*,*,#1391,.T.);
#1393=CARTESIAN_POINT('',(-49.039264020161525,9.754516100806407,5.));
#1394=VERTEX_POINT('',#1393);
#1395=EDGE_CURVE('',#1390,#1394,#1192,.F.);
#1396=ORIENTED_EDGE('',*,*,#1395,.T.);
#1397=CARTESIAN_POINT('',(-48.29629131445341,12.940952255126051,5.));
#1398=VERTEX_POINT('',#1397);
#1399=EDGE_CURVE('',#1394,#1398,#1192,.F.);
#1400=ORIENTED_EDGE('',*,*,#1399,.T.);
#1401=CARTESIAN_POINT('',(-47.34650647475528,16.07197326515809,5.));
#1402=VERTEX_POINT('',#1401);
#1403=EDGE_CURVE('',#1398,#1402,#1192,.F.);
#1404=ORIENTED_EDGE('',*,*,#1403,.T.);
#1405=CARTESIAN_POINT('',(-46.19397662556434,19.134171618254495,5.));
#1406=VERTEX_POINT('',#1405);
#1407=EDGE_CURVE('',#1402,#1406,#1192,.F.);
#1408=ORIENTED_EDGE('',*,*,#1407,.T.);
#1409=CARTESIAN_POINT('',(-44.84363707663441,22.114434510950083,5.));
#1410=VERTEX_POINT('',#1409);
#1411=EDGE_CURVE('',#1406,#1410,#1192,.F.);
#1412=ORIENTED_EDGE('',*,*,#1411,.T.);
#1413=CARTESIAN_POINT('',(-43.30127018922194,24.999999999999996,5.));
#1414=VERTEX_POINT('',#1413);
#1415=EDGE_CURVE('',#1410,#1414,#1192,.F.);
#1416=ORIENTED_EDGE('',*,*,#1415,.T.);
#1417=CARTESIAN_POINT('',(-41.57348061512725,27.778511650980125,5.));
#1418=VERTEX_POINT('',#1417);
#1419=EDGE_CURVE('',#1414,#1418,#1192,.F.);
#1420=ORIENTED_EDGE('',*,*,#1419,.T.);
#1421=CARTESIAN_POINT('',(-39.66766701456175,30.438071450436045,5.));
#1422=VERTEX_POINT('',#1421);
#1423=EDGE_CURVE('',#1418,#1422,#1192,.F.);
#1424=ORIENTED_EDGE('',*,*,#1423,.T.);
#1425=CARTESIAN_POINT('',(-37.59199037394886,32.96729075500345,5.));
#1426=VERTEX_POINT('',#1425);
#1427=EDGE_CURVE('',#1422,#1426,#1192,.F.);
#1428=ORIENTED_EDGE('',*,*,#1427,.T.);
#1429=CARTESIAN_POINT('',(-35.35533905932737,35.35533905932738,5.));
#1430=VERTEX_POINT('',#1429);
#1431=EDGE_CURVE('',#1426,#1430,#1192,.F.);
#1432=ORIENTED_EDGE('',*,*,#1431,.T.);
#1433=CARTESIAN_POINT('',(-32.96729075500344,37.59199037394887,5.));
#1434=VERTEX_POINT('',#1433);
#1435=EDGE_CURVE('',#1430,#1434,#1192,.F.);
#1436=ORIENTED_EDGE('',*,*,#1435,.T.);
#1437=CARTESIAN_POINT('',(-30.438071450436034,39.66766701456176,5.));
#1438=VERTEX_POINT('',#1437);
#1439=EDGE_CURVE('',#1434,#1438,#1192,.F.);
#1440=ORIENTED_EDGE('',*,*,#1439,.T.);
#1441=CARTESIAN_POINT('',(-27.778511650980114,41.57348061512726,5.));
#1442=VERTEX_POINT('',#1441);
#1443=EDGE_CURVE('',#1438,#1442,#1192,.F.);
#1444=ORIENTED_EDGE('',*,*,#1443,.T.);
#1445=CARTESIAN_POINT('',(-24.99999999999999,43.30127018922194,5.));
#1446=VERTEX_POINT('',#1445);
#1447=EDGE_CURVE('',#1442,#1446,#1192,.F.);
#1448=ORIENTED_EDGE('',*,*,#1447,.T.);
#1449=CARTESIAN_POINT('',(-22.11443451095006,44.843637076634415,5.));
#1450=VERTEX_POINT('',#1449);
#1451=EDGE_CURVE('',#1446,#1450,#1192,.F.);
#1452=ORIENTED_EDGE('',*,*,#1451,.T.);
#1453=CARTESIAN_POINT('',(-19.134171618254474,46.19397662556434,5.));
#1454=VERTEX_POINT('',#1453);
#1455=EDGE_CURVE('',#1450,#1454,#1192,.F.);
#1456=ORIENTED_EDGE('',*,*,#1455,.T.);
#1457=CARTESIAN_POINT('',(-16.07197326515808,47.34650647475529,5.));
#1458=VERTEX_POINT('',#1457);
#1459=EDGE_CURVE('',#1454,#1458,#1192,.F.);
#1460=ORIENTED_EDGE('',*,*,#1459,.T.);
#1461=CARTESIAN_POINT('',(-12.940952255126032,48.29629131445341,5.));
#1462=VERTEX_POINT('',#1461);
#1463=EDGE_CURVE('',#1458,#1462,#1192,.F.);
#1464=ORIENTED_EDGE('',*,*,#1463,.T.);
#1465=CARTESIAN_POINT('',(-9.75451610080641,49.039264020161525,5.));
#1466=VERTEX_POINT('',#1465);
#1467=EDGE_CURVE('',#1462,#1466,#1192,.F.);
#1468=ORIENTED_EDGE('',*,*,#1467,.T.);
#1469=CARTESIAN_POINT('',(-6.5263096110025804,49.57224306869052,5.));
#1470=VERTEX_POINT('',#1469);
#1471=EDGE_CURVE('',#1466,#1470,#1192,.F.);
#1472=ORIENTED_EDGE('',*,*,#1471,.T.);
#1473=CARTESIAN_POINT('',(-3.2701564615071574,49.892946161930176,5.));
#1474=VERTEX_POINT('',#1473);
#1475=EDGE_CURVE('',#1470,#1474,#1192,.F.);
#1476=ORIENTED_EDGE('',*,*,#1475,.T.);
#1477=CARTESIAN_POINT('',(3.061616997868383E-15,50.,5.));
#1478=VERTEX_POINT('',#1477);
#1479=EDGE_CURVE('',#1474,#1478,#1192,.F.);
#1480=ORIENTED_EDGE('',*,*,#1479,.T.);
#1481=CARTESIAN_POINT('',(3.2701564615071637,49.892946161930176,5.));
#1482=VERTEX_POINT('',#1481);
#1483=EDGE_CURVE('',#1478,#1482,#1192,.F.);
#1484=ORIENTED_EDGE('',*,*,#1483,.T.);
#1485=CARTESIAN_POINT('',(6.526309611002586,49.57224306869052,5.));
#1486=VERTEX_POINT('',#1485);
#1487=EDGE_CURVE('',#1482,#1486,#1192,.F.);
#1488=ORIENTED_EDGE('',*,*,#1487,.T.);
#1489=CARTESIAN_POINT('',(9.754516100806416,49.039264020161525,5.));
#1490=VERTEX_POINT('',#1489);
#1491=EDGE_CURVE('',#1486,#1490,#1192,.F.);
#1492=ORIENTED_EDGE('',*,*,#1491,.T.);
#1493=CARTESIAN_POINT('',(12.940952255126037,48.29629131445341,5.));
#1494=VERTEX_POINT('',#1493);
#1495=EDGE_CURVE('',#1490,#1494,#1192,.F.);
#1496=ORIENTED_EDGE('',*,*,#1495,.T.);
#1497=CARTESIAN_POINT('',(16.071973265158086,47.34650647475528,5.));
#1498=VERTEX_POINT('',#1497);
#1499=EDGE_CURVE('',#1494,#1498,#1192,.F.);
#1500=ORIENTED_EDGE('',*,*,#1499,.T.);
#1501=CARTESIAN_POINT('',(19.13417161825449,46.19397662556434,5.));
#1502=VERTEX_POINT('',#1501);
#1503=EDGE_CURVE('',#1498,#1502,#1192,.F.);
#1504=ORIENTED_EDGE('',*,*,#1503,.T.);
#1505=CARTESIAN_POINT('',(22.114434510950062,44.843637076634415,5.));
#1506=VERTEX_POINT('',#1505);
#1507=EDGE_CURVE('',#1502,#1506,#1192,.F.);
#1508=ORIENTED_EDGE('',*,*,#1507,.T.);
#1509=CARTESIAN_POINT('',(25.000000000000007,43.30127018922193,5.));
#1510=VERTEX_POINT('',#1509);
#1511=EDGE_CURVE('',#1506,#1510,#1192,.F.);
#1512=ORIENTED_EDGE('',*,*,#1511,.T.);
#1513=CARTESIAN_POINT('',(27.77851165098012,41.57348061512726,5.));
#1514=VERTEX_POINT('',#1513);
#1515=EDGE_CURVE('',#1510,#1514,#1192,.F.);
#1516=ORIENTED_EDGE('',*,*,#1515,.T.);
#1517=CARTESIAN_POINT('',(30.438071450436034,39.66766701456176,5.));
#1518=VERTEX_POINT('',#1517);
#1519=EDGE_CURVE('',#1514,#1518,#1192,.F.);
#1520=ORIENTED_EDGE('',*,*,#1519,.T.);
#1521=CARTESIAN_POINT('',(32.96729075500344,37.59199037394887,5.));
#1522=VERTEX_POINT('',#1521);
#1523=EDGE_CURVE('',#1518,#1522,#1192,.F.);
#1524=ORIENTED_EDGE('',*,*,#1523,.T.);
#1525=CARTESIAN_POINT('',(35.35533905932738,35.35533905932738,5.));
#1526=VERTEX_POINT('',#1525);
#1527=EDGE_CURVE('',#1522,#1526,#1192,.F.);
#1528=ORIENTED_EDGE('',*,*,#1527,.T.);
#1529=CARTESIAN_POINT('',(37.59199037394887,32.96729075500344,5.));
#1530=VERTEX_POINT('',#1529);
#1531=EDGE_CURVE('',#1526,#1530,#1192,.F.);
#1532=ORIENTED_EDGE('',*,*,#1531,.T.);
#1533=CARTESIAN_POINT('',(39.66766701456176,30.438071450436034,5.));
#1534=VERTEX_POINT('',#1533);
#1535=EDGE_CURVE('',#1530,#1534,#1192,.F.);
#1536=ORIENTED_EDGE('',*,*,#1535,.T.);
#1537=CARTESIAN_POINT('',(41.57348061512726,27.778511650980107,5.));
#1538=VERTEX_POINT('',#1537);
#1539=EDGE_CURVE('',#1534,#1538,#1192,.F.);
#1540=ORIENTED_EDGE('',*,*,#1539,.T.);
#1541=CARTESIAN_POINT('',(43.30127018922194,24.999999999999996,5.));
#1542=VERTEX_POINT('',#1541);
#1543=EDGE_CURVE('',#1538,#1542,#1192,.F.);
#1544=ORIENTED_EDGE('',*,*,#1543,.T.);
#1545=CARTESIAN_POINT('',(44.843637076634415,22.114434510950062,5.));
#1546=VERTEX_POINT('',#1545);
#1547=EDGE_CURVE('',#1542,#1546,#1192,.F.);
#1548=ORIENTED_EDGE('',*,*,#1547,.T.);
#1549=CARTESIAN_POINT('',(46.19397662556434,19.134171618254488,5.));
#1550=VERTEX_POINT('',#1549);
#1551=EDGE_CURVE('',#1546,#1550,#1192,.F.);
#1552=ORIENTED_EDGE('',*,*,#1551,.T.);
#1553=CARTESIAN_POINT('',(47.34650647475529,16.07197326515808,5.));
#1554=VERTEX_POINT('',#1553);
#1555=EDGE_CURVE('',#1550,#1554,#1192,.F.);
#1556=ORIENTED_EDGE('',*,*,#1555,.T.);
#1557=CARTESIAN_POINT('',(48.29629131445341,12.940952255126037,5.));
#1558=VERTEX_POINT('',#1557);
#1559=EDGE_CURVE('',#1554,#1558,#1192,.F.);
#1560=ORIENTED_EDGE('',*,*,#1559,.T.);
#1561=CARTESIAN_POINT('',(49.039264020161525,9.754516100806413,5.));
#1562=VERTEX_POINT('',#1561);
#1563=EDGE_CURVE('',#1558,#1562,#1192,.F.);
#1564=ORIENTED_EDGE('',*,*,#1563,.T.);
#1565=CARTESIAN_POINT('',(49.57224306869052,6.526309611002579,5.));
#1566=VERTEX_POINT('',#1565);
#1567=EDGE_CURVE('',#1562,#1566,#1192,.F.);
#1568=ORIENTED_EDGE('',*,*,#1567,.T.);
#1569=CARTESIAN_POINT('',(49.892946161930176,3.270156461507153,5.));
#1570=VERTEX_POINT('',#1569);
#1571=EDGE_CURVE('',#1566,#1570,#1192,.F.);
#1572=ORIENTED_EDGE('',*,*,#1571,.T.);
#1573=EDGE_CURVE('',#1570,#1187,#1192,.F.);
#1574=ORIENTED_EDGE('',*,*,#1573,.T.);
#1575=ORIENTED_EDGE('',*,*,#1188,.F.);
#1576=EDGE_LOOP('',(#804,#808,#812,#816,#820,#824,#828,#832,#836,#840,#844,#848,#852,#856,#860,#864,#868,#872,#876,#880,#884,#888,#892,#896,#900,#904,#908,#912,#916,#920,#924,#928,#932,#936,#940,#944,#948,#952,#956,#960,#964,#968,#972,#976,#980,#984,#988,#992,#996,#1000,#1004,#1008,#1012,#1016,#1020,#1024,#1028,#1032,#1036,#1040,#1044,#1048,#1052,#1056,#1060,#1064,#1068,#1072,#1076,#1080,#1084,#1088,#1092,#1096,#1100,#1104,#1108,#1112,#1116,#1120,#1124,#1128,#1132,#1136,#1140,#1144,#1148,#1152,#1156,#1160,#1164,#1168,#1172,#1176,#1180,#1182,#1189,#1196,#1200,#1204,#1208,#1212,#1216,#1220,#1224,#1228,#1232,#1236,#1240,#1244,#1248,#1252,#1256,#1260,#1264,#1268,#1272,#1276,#1280,#1284,#1288,#1292,#1296,#1300,#1304,#1308,#1312,#1316,#1320,#1324,#1328,#1332,#1336,#1340,#1344,#1348,#1352,#1356,#1360,#1364,#1368,#1372,#1376,#1380,#1384,#1388,#1392,#1396,#1400,#1404,#1408,#1412,#1416,#1420,#1424,#1428,#1432,#1436,#1440,#1444,#1448,#1452,#1456,#1460,#1464,#1468,#1472,#1476,#1480,#1484,#1488,#1492,#1496,#1500,#1504,#1508,#1512,#1516,#1520,#1524,#1528,#1532,#1536,#1540,#1544,#1548,#1552,#1556,#1560,#1564,#1568,#1572,#1574,#1575));
#1577=FACE_OUTER_BOUND('',#1576,.T.);
#1578=ADVANCED_FACE('',(#1577),#796,.T.);
#1579=AXIS2_PLACEMENT_3D('',#794,#11,#8);
#1580=CYLINDRICAL_SURFACE('',#1579,30.);
#1581=AXIS2_PLACEMENT_3D('',#794,#11,#8);
#1582=CIRCLE('',#1581,30.);
#1583=CARTESIAN_POINT('',(30.,0.,0.));
#1584=VERTEX_POINT('',#1583);
#1585=CARTESIAN_POINT('',(29.935767697158106,1.962093876904292,0.));
#1586=VERTEX_POINT('',#1585);
#1587=EDGE_CURVE('',#1584,#1586,#1582,.T.);
#1588=ORIENTED_EDGE('',*,*,#1587,.T.);
#1589=CARTESIAN_POINT('',(29.74334584121431,3.915785766601547,0.));
#1590=VERTEX_POINT('',#1589);
#1591=EDGE_CURVE('',#1586,#1590,#1582,.T.);
#1592=ORIENTED_EDGE('',*,*,#1591,.T.);
#1593=CARTESIAN_POINT('',(29.423558412096913,5.852709660483847,0.));
#1594=VERTEX_POINT('',#1593);
#1595=EDGE_CURVE('',#1590,#1594,#1582,.T.);
#1596=ORIENTED_EDGE('',*,*,#1595,.T.);
#1597=CARTESIAN_POINT('',(28.97777478867205,7.764571353075622,0.));
#1598=VERTEX_POINT('',#1597);
#1599=EDGE_CURVE('',#1594,#1598,#1582,.T.);
#1600=ORIENTED_EDGE('',*,*,#1599,.T.);
#1601=CARTESIAN_POINT('',(28.40790388485317,9.643183959094848,0.));
#1602=VERTEX_POINT('',#1601);
#1603=EDGE_CURVE('',#1598,#1602,#1582,.T.);
#1604=ORIENTED_EDGE('',*,*,#1603,.T.);
#1605=CARTESIAN_POINT('',(27.716385975338603,11.480502970952694,0.));
#1606=VERTEX_POINT('',#1605);
#1607=EDGE_CURVE('',#1602,#1606,#1582,.T.);
#1608=ORIENTED_EDGE('',*,*,#1607,.T.);
#1609=CARTESIAN_POINT('',(26.906182245980652,13.268660706570037,0.));
#1610=VERTEX_POINT('',#1609);
#1611=EDGE_CURVE('',#1606,#1610,#1582,.T.);
#1612=ORIENTED_EDGE('',*,*,#1611,.T.);
#1613=CARTESIAN_POINT('',(25.98076211353316,14.999999999999998,0.));
#1614=VERTEX_POINT('',#1613);
#1615=EDGE_CURVE('',#1610,#1614,#1582,.T.);
#1616=ORIENTED_EDGE('',*,*,#1615,.T.);
#1617=CARTESIAN_POINT('',(24.944088369076358,16.667106990588067,0.));
#1618=VERTEX_POINT('',#1617);
#1619=EDGE_CURVE('',#1614,#1618,#1582,.T.);
#1620=ORIENTED_EDGE('',*,*,#1619,.T.);
#1621=CARTESIAN_POINT('',(23.800600208737055,18.26284287026162,0.));
#1622=VERTEX_POINT('',#1621);
#1623=EDGE_CURVE('',#1618,#1622,#1582,.T.);
#1624=ORIENTED_EDGE('',*,*,#1623,.T.);
#1625=CARTESIAN_POINT('',(22.555194224369323,19.780374453002064,0.));
#1626=VERTEX_POINT('',#1625);
#1627=EDGE_CURVE('',#1622,#1626,#1582,.T.);
#1628=ORIENTED_EDGE('',*,*,#1627,.T.);
#1629=CARTESIAN_POINT('',(21.213203435596427,21.213203435596427,0.));
#1630=VERTEX_POINT('',#1629);
#1631=EDGE_CURVE('',#1626,#1630,#1582,.T.);
#1632=ORIENTED_EDGE('',*,*,#1631,.T.);
#1633=CARTESIAN_POINT('',(19.780374453002064,22.555194224369323,0.));
#1634=VERTEX_POINT('',#1633);
#1635=EDGE_CURVE('',#1630,#1634,#1582,.T.);
#1636=ORIENTED_EDGE('',*,*,#1635,.T.);
#1637=CARTESIAN_POINT('',(18.26284287026162,23.800600208737055,0.));
#1638=VERTEX_POINT('',#1637);
#1639=EDGE_CURVE('',#1634,#1638,#1582,.T.);
#1640=ORIENTED_EDGE('',*,*,#1639,.T.);
#1641=CARTESIAN_POINT('',(16.66710699058807,24.944088369076354,0.));
#1642=VERTEX_POINT('',#1641);
#1643=EDGE_CURVE('',#1638,#1642,#1582,.T.);
#1644=ORIENTED_EDGE('',*,*,#1643,.T.);
#1645=CARTESIAN_POINT('',(15.000000000000004,25.980762113533157,0.));
#1646=VERTEX_POINT('',#1645);
#1647=EDGE_CURVE('',#1642,#1646,#1582,.T.);
#1648=ORIENTED_EDGE('',*,*,#1647,.T.);
#1649=CARTESIAN_POINT('',(13.268660706570037,26.906182245980652,0.));
#1650=VERTEX_POINT('',#1649);
#1651=EDGE_CURVE('',#1646,#1650,#1582,.T.);
#1652=ORIENTED_EDGE('',*,*,#1651,.T.);
#1653=CARTESIAN_POINT('',(11.480502970952696,27.716385975338603,0.));
#1654=VERTEX_POINT('',#1653);
#1655=EDGE_CURVE('',#1650,#1654,#1582,.T.);
#1656=ORIENTED_EDGE('',*,*,#1655,.T.);
#1657=CARTESIAN_POINT('',(9.64318395909485,28.407903884853166,0.));
#1658=VERTEX_POINT('',#1657);
#1659=EDGE_CURVE('',#1654,#1658,#1582,.T.);
#1660=ORIENTED_EDGE('',*,*,#1659,.T.);
#1661=CARTESIAN_POINT('',(7.764571353075622,28.97777478867205,0.));
#1662=VERTEX_POINT('',#1661);
#1663=EDGE_CURVE('',#1658,#1662,#1582,.T.);
#1664=ORIENTED_EDGE('',*,*,#1663,.T.);
#1665=CARTESIAN_POINT('',(5.85270966048385,29.423558412096913,0.));
#1666=VERTEX_POINT('',#1665);
#1667=EDGE_CURVE('',#1662,#1666,#1582,.T.);
#1668=ORIENTED_EDGE('',*,*,#1667,.T.);
#1669=CARTESIAN_POINT('',(3.915785766601551,29.74334584121431,0.));
#1670=VERTEX_POINT('',#1669);
#1671=EDGE_CURVE('',#1666,#1670,#1582,.T.);
#1672=ORIENTED_EDGE('',*,*,#1671,.T.);
#1673=CARTESIAN_POINT('',(1.9620938769042982,29.935767697158106,0.));
#1674=VERTEX_POINT('',#1673);
#1675=EDGE_CURVE('',#1670,#1674,#1582,.T.);
#1676=ORIENTED_EDGE('',*,*,#1675,.T.);
#1677=CARTESIAN_POINT('',(1.83697019872103E-15,30.,0.));
#1678=VERTEX_POINT('',#1677);
#1679=EDGE_CURVE('',#1674,#1678,#1582,.T.);
#1680=ORIENTED_EDGE('',*,*,#1679,.T.);
#1681=CARTESIAN_POINT('',(-1.9620938769042944,29.935767697158106,0.));
#1682=VERTEX_POINT('',#1681);
#1683=EDGE_CURVE('',#1678,#1682,#1582,.T.);
#1684=ORIENTED_EDGE('',*,*,#1683,.T.);
#1685=CARTESIAN_POINT('',(-3.915785766601548,29.74334584121431,0.));
#1686=VERTEX_POINT('',#1685);
#1687=EDGE_CURVE('',#1682,#1686,#1582,.T.);
#1688=ORIENTED_EDGE('',*,*,#1687,.T.);
#1689=CARTESIAN_POINT('',(-5.852709660483846,29.423558412096913,0.));
#1690=VERTEX_POINT('',#1689);
#1691=EDGE_CURVE('',#1686,#1690,#1582,.T.);
#1692=ORIENTED_EDGE('',*,*,#1691,.T.);
#1693=CARTESIAN_POINT('',(-7.764571353075619,28.97777478867205,0.));
#1694=VERTEX_POINT('',#1693);
#1695=EDGE_CURVE('',#1690,#1694,#1582,.T.);
#1696=ORIENTED_EDGE('',*,*,#1695,.T.);
#1697=CARTESIAN_POINT('',(-9.643183959094848,28.40790388485317,0.));
#1698=VERTEX_POINT('',#1697);
#1699=EDGE_CURVE('',#1694,#1698,#1582,.T.);
#1700=ORIENTED_EDGE('',*,*,#1699,.T.);
#1701=CARTESIAN_POINT('',(-11.480502970952685,27.716385975338607,0.));
#1702=VERTEX_POINT('',#1701);
#1703=EDGE_CURVE('',#1698,#1702,#1582,.T.);
#1704=ORIENTED_EDGE('',*,*,#1703,.T.);
#1705=CARTESIAN_POINT('',(-13.268660706570033,26.906182245980652,0.));
#1706=VERTEX_POINT('',#1705);
#1707=EDGE_CURVE('',#1702,#1706,#1582,.T.);
#1708=ORIENTED_EDGE('',*,*,#1707,.T.);
#1709=CARTESIAN_POINT('',(-14.999999999999993,25.98076211353316,0.));
#1710=VERTEX_POINT('',#1709);
#1711=EDGE_CURVE('',#1706,#1710,#1582,.T.);
#1712=ORIENTED_EDGE('',*,*,#1711,.T.);
#1713=CARTESIAN_POINT('',(-16.667106990588067,24.944088369076354,0.));
#1714=VERTEX_POINT('',#1713);
#1715=EDGE_CURVE('',#1710,#1714,#1582,.T.);
#1716=ORIENTED_EDGE('',*,*,#1715,.T.);
#1717=CARTESIAN_POINT('',(-18.26284287026162,23.800600208737055,0.));
#1718=VERTEX_POINT('',#1717);
#1719=EDGE_CURVE('',#1714,#1718,#1582,.T.);
#1720=ORIENTED_EDGE('',*,*,#1719,.T.);
#1721=CARTESIAN_POINT('',(-19.780374453002064,22.555194224369323,0.));
#1722=VERTEX_POINT('',#1721);
#1723=EDGE_CURVE('',#1718,#1722,#1582,.T.);
#1724=ORIENTED_EDGE('',*,*,#1723,.T.);
#1725=CARTESIAN_POINT('',(-21.213203435596423,21.213203435596427,0.));
#1726=VERTEX_POINT('',#1725);
#1727=EDGE_CURVE('',#1722,#1726,#1582,.T.);
#1728=ORIENTED_EDGE('',*,*,#1727,.T.);
#1729=CARTESIAN_POINT('',(-22.55519422436932,19.780374453002068,0.));
#1730=VERTEX_POINT('',#1729);
#1731=EDGE_CURVE('',#1726,#1730,#1582,.T.);
#1732=ORIENTED_EDGE('',*,*,#1731,.T.);
#1733=CARTESIAN_POINT('',(-23.800600208737052,18.262842870261625,0.));
#1734=VERTEX_POINT('',#1733);
#1735=EDGE_CURVE('',#1730,#1734,#1582,.T.);
#1736=ORIENTED_EDGE('',*,*,#1735,.T.);
#1737=CARTESIAN_POINT('',(-24.94408836907635,16.667106990588074,0.));
#1738=VERTEX_POINT('',#1737);
#1739=EDGE_CURVE('',#1734,#1738,#1582,.T.);
#1740=ORIENTED_EDGE('',*,*,#1739,.T.);
#1741=CARTESIAN_POINT('',(-25.98076211353316,14.999999999999998,0.));
#1742=VERTEX_POINT('',#1741);
#1743=EDGE_CURVE('',#1738,#1742,#1582,.T.);
#1744=ORIENTED_EDGE('',*,*,#1743,.T.);
#1745=CARTESIAN_POINT('',(-26.906182245980645,13.268660706570051,0.));
#1746=VERTEX_POINT('',#1745);
#1747=EDGE_CURVE('',#1742,#1746,#1582,.T.);
#1748=ORIENTED_EDGE('',*,*,#1747,.T.);
#1749=CARTESIAN_POINT('',(-27.716385975338603,11.480502970952697,0.));
#1750=VERTEX_POINT('',#1749);
#1751=EDGE_CURVE('',#1746,#1750,#1582,.T.);
#1752=ORIENTED_EDGE('',*,*,#1751,.T.);
#1753=CARTESIAN_POINT('',(-28.407903884853166,9.643183959094852,0.));
#1754=VERTEX_POINT('',#1753);
#1755=EDGE_CURVE('',#1750,#1754,#1582,.T.);
#1756=ORIENTED_EDGE('',*,*,#1755,.T.);
#1757=CARTESIAN_POINT('',(-28.977774788672047,7.76457135307563,0.));
#1758=VERTEX_POINT('',#1757);
#1759=EDGE_CURVE('',#1754,#1758,#1582,.T.);
#1760=ORIENTED_EDGE('',*,*,#1759,.T.);
#1761=CARTESIAN_POINT('',(-29.423558412096913,5.852709660483845,0.));
#1762=VERTEX_POINT('',#1761);
#1763=EDGE_CURVE('',#1758,#1762,#1582,.T.);
#1764=ORIENTED_EDGE('',*,*,#1763,.T.);
#1765=CARTESIAN_POINT('',(-29.74334584121431,3.9157857666015596,0.));
#1766=VERTEX_POINT('',#1765);
#1767=EDGE_CURVE('',#1762,#1766,#1582,.T.);
#1768=ORIENTED_EDGE('',*,*,#1767,.T.);
#1769=CARTESIAN_POINT('',(-29.935767697158106,1.9620938769042935,0.));
#1770=VERTEX_POINT('',#1769);
#1771=EDGE_CURVE('',#1766,#1770,#1582,.T.);
#1772=ORIENTED_EDGE('',*,*,#1771,.T.);
#1773=CARTESIAN_POINT('',(-30.,3.67394039744206E-15,0.));
#1774=VERTEX_POINT('',#1773);
#1775=EDGE_CURVE('',#1770,#1774,#1582,.T.);
#1776=ORIENTED_EDGE('',*,*,#1775,.T.);
#1777=CARTESIAN_POINT('',(-29.935767697158106,-1.962093876904286,0.));
#1778=VERTEX_POINT('',#1777);
#1779=EDGE_CURVE('',#1774,#1778,#1582,.T.);
#1780=ORIENTED_EDGE('',*,*,#1779,.T.);
#1781=CARTESIAN_POINT('',(-29.74334584121431,-3.915785766601553,0.));
#1782=VERTEX_POINT('',#1781);
#1783=EDGE_CURVE('',#1778,#1782,#1582,.T.);
#1784=ORIENTED_EDGE('',*,*,#1783,.T.);
#1785=CARTESIAN_POINT('',(-29.423558412096916,-5.852709660483837,0.));
#1786=VERTEX_POINT('',#1785);
#1787=EDGE_CURVE('',#1782,#1786,#1582,.T.);
#1788=ORIENTED_EDGE('',*,*,#1787,.T.);
#1789=CARTESIAN_POINT('',(-28.97777478867205,-7.764571353075624,0.));
#1790=VERTEX_POINT('',#1789);
#1791=EDGE_CURVE('',#1786,#1790,#1582,.T.);
#1792=ORIENTED_EDGE('',*,*,#1791,.T.);
#1793=CARTESIAN_POINT('',(-28.40790388485317,-9.643183959094847,0.));
#1794=VERTEX_POINT('',#1793);
#1795=EDGE_CURVE('',#1790,#1794,#1582,.T.);
#1796=ORIENTED_EDGE('',*,*,#1795,.T.);
#1797=CARTESIAN_POINT('',(-27.716385975338607,-11.48050297095269,0.));
#1798=VERTEX_POINT('',#1797);
#1799=EDGE_CURVE('',#1794,#1798,#1582,.T.);
#1800=ORIENTED_EDGE('',*,*,#1799,.T.);
#1801=CARTESIAN_POINT('',(-26.90618224598065,-13.268660706570044,0.));
#1802=VERTEX_POINT('',#1801);
#1803=EDGE_CURVE('',#1798,#1802,#1582,.T.);
#1804=ORIENTED_EDGE('',*,*,#1803,.T.);
#1805=CARTESIAN_POINT('',(-25.980762113533164,-14.999999999999991,0.));
#1806=VERTEX_POINT('',#1805);
#1807=EDGE_CURVE('',#1802,#1806,#1582,.T.);
#1808=ORIENTED_EDGE('',*,*,#1807,.T.);
#1809=CARTESIAN_POINT('',(-24.944088369076365,-16.66710699058806,0.));
#1810=VERTEX_POINT('',#1809);
#1811=EDGE_CURVE('',#1806,#1810,#1582,.T.);
#1812=ORIENTED_EDGE('',*,*,#1811,.T.);
#1813=CARTESIAN_POINT('',(-23.800600208737055,-18.26284287026162,0.));
#1814=VERTEX_POINT('',#1813);
#1815=EDGE_CURVE('',#1810,#1814,#1582,.T.);
#1816=ORIENTED_EDGE('',*,*,#1815,.T.);
#1817=CARTESIAN_POINT('',(-22.555194224369323,-19.780374453002064,0.));
#1818=VERTEX_POINT('',#1817);
#1819=EDGE_CURVE('',#1814,#1818,#1582,.T.);
#1820=ORIENTED_EDGE('',*,*,#1819,.T.);
#1821=CARTESIAN_POINT('',(-21.213203435596437,-21.213203435596412,0.));
#1822=VERTEX_POINT('',#1821);
#1823=EDGE_CURVE('',#1818,#1822,#1582,.T.);
#1824=ORIENTED_EDGE('',*,*,#1823,.T.);
#1825=CARTESIAN_POINT('',(-19.78037445300207,-22.55519422436932,0.));
#1826=VERTEX_POINT('',#1825);
#1827=EDGE_CURVE('',#1822,#1826,#1582,.T.);
#1828=ORIENTED_EDGE('',*,*,#1827,.T.);
#1829=CARTESIAN_POINT('',(-18.262842870261625,-23.80060020873705,0.));
#1830=VERTEX_POINT('',#1829);
#1831=EDGE_CURVE('',#1826,#1830,#1582,.T.);
#1832=ORIENTED_EDGE('',*,*,#1831,.T.);
#1833=CARTESIAN_POINT('',(-16.667106990588067,-24.944088369076358,0.));
#1834=VERTEX_POINT('',#1833);
#1835=EDGE_CURVE('',#1830,#1834,#1582,.T.);
#1836=ORIENTED_EDGE('',*,*,#1835,.T.);
#1837=CARTESIAN_POINT('',(-15.000000000000014,-25.980762113533153,0.));
#1838=VERTEX_POINT('',#1837);
#1839=EDGE_CURVE('',#1834,#1838,#1582,.T.);
#1840=ORIENTED_EDGE('',*,*,#1839,.T.);
#1841=CARTESIAN_POINT('',(-13.26866070657004,-26.90618224598065,0.));
#1842=VERTEX_POINT('',#1841);
#1843=EDGE_CURVE('',#1838,#1842,#1582,.T.);
#1844=ORIENTED_EDGE('',*,*,#1843,.T.);
#1845=CARTESIAN_POINT('',(-11.480502970952685,-27.716385975338607,0.));
#1846=VERTEX_POINT('',#1845);
#1847=EDGE_CURVE('',#1842,#1846,#1582,.T.);
#1848=ORIENTED_EDGE('',*,*,#1847,.T.);
#1849=CARTESIAN_POINT('',(-9.643183959094854,-28.407903884853166,0.));
#1850=VERTEX_POINT('',#1849);
#1851=EDGE_CURVE('',#1846,#1850,#1582,.T.);
#1852=ORIENTED_EDGE('',*,*,#1851,.T.);
#1853=CARTESIAN_POINT('',(-7.764571353075619,-28.97777478867205,0.));
#1854=VERTEX_POINT('',#1853);
#1855=EDGE_CURVE('',#1850,#1854,#1582,.T.);
#1856=ORIENTED_EDGE('',*,*,#1855,.T.);
#1857=CARTESIAN_POINT('',(-5.8527096604838595,-29.42355841209691,0.));
#1858=VERTEX_POINT('',#1857);
#1859=EDGE_CURVE('',#1854,#1858,#1582,.T.);
#1860=ORIENTED_EDGE('',*,*,#1859,.T.);
#1861=CARTESIAN_POINT('',(-3.915785766601549,-29.74334584121431,0.));
#1862=VERTEX_POINT('',#1861);
#1863=EDGE_CURVE('',#1858,#1862,#1582,.T.);
#1864=ORIENTED_EDGE('',*,*,#1863,.T.);
#1865=CARTESIAN_POINT('',(-1.962093876904282,-29.935767697158106,0.));
#1866=VERTEX_POINT('',#1865);
#1867=EDGE_CURVE('',#1862,#1866,#1582,.T.);
#1868=ORIENTED_EDGE('',*,*,#1867,.T.);
#1869=CARTESIAN_POINT('',(-5.510910596163089E-15,-30.,0.));
#1870=VERTEX_POINT('',#1869);
#1871=EDGE_CURVE('',#1866,#1870,#1582,.T.);
#1872=ORIENTED_EDGE('',*,*,#1871,.T.);
#1873=CARTESIAN_POINT('',(1.962093876904271,-29.93576769715811,0.));
#1874=VERTEX_POINT('',#1873);
#1875=EDGE_CURVE('',#1870,#1874,#1582,.T.);
#1876=ORIENTED_EDGE('',*,*,#1875,.T.);
#1877=CARTESIAN_POINT('',(3.915785766601538,-29.743345841214314,0.));
#1878=VERTEX_POINT('',#1877);
#1879=EDGE_CURVE('',#1874,#1878,#1582,.T.);
#1880=ORIENTED_EDGE('',*,*,#1879,.T.);
#1881=CARTESIAN_POINT('',(5.852709660483849,-29.423558412096913,0.));
#1882=VERTEX_POINT('',#1881);
#1883=EDGE_CURVE('',#1878,#1882,#1582,.T.);
#1884=ORIENTED_EDGE('',*,*,#1883,.T.);
#1885=CARTESIAN_POINT('',(7.764571353075609,-28.977774788672054,0.));
#1886=VERTEX_POINT('',#1885);
#1887=EDGE_CURVE('',#1882,#1886,#1582,.T.);
#1888=ORIENTED_EDGE('',*,*,#1887,.T.);
#1889=CARTESIAN_POINT('',(9.643183959094845,-28.40790388485317,0.));
#1890=VERTEX_POINT('',#1889);
#1891=EDGE_CURVE('',#1886,#1890,#1582,.T.);
#1892=ORIENTED_EDGE('',*,*,#1891,.T.);
#1893=CARTESIAN_POINT('',(11.480502970952674,-27.71638597533861,0.));
#1894=VERTEX_POINT('',#1893);
#1895=EDGE_CURVE('',#1890,#1894,#1582,.T.);
#1896=ORIENTED_EDGE('',*,*,#1895,.T.);
#1897=CARTESIAN_POINT('',(13.268660706570031,-26.906182245980652,0.));
#1898=VERTEX_POINT('',#1897);
#1899=EDGE_CURVE('',#1894,#1898,#1582,.T.);
#1900=ORIENTED_EDGE('',*,*,#1899,.T.);
#1901=CARTESIAN_POINT('',(15.000000000000004,-25.980762113533157,0.));
#1902=VERTEX_POINT('',#1901);
#1903=EDGE_CURVE('',#1898,#1902,#1582,.T.);
#1904=ORIENTED_EDGE('',*,*,#1903,.T.);
#1905=CARTESIAN_POINT('',(16.667106990588056,-24.944088369076365,0.));
#1906=VERTEX_POINT('',#1905);
#1907=EDGE_CURVE('',#1902,#1906,#1582,.T.);
#1908=ORIENTED_EDGE('',*,*,#1907,.T.);
#1909=CARTESIAN_POINT('',(18.262842870261597,-23.800600208737073,0.));
#1910=VERTEX_POINT('',#1909);
#1911=EDGE_CURVE('',#1906,#1910,#1582,.T.);
#1912=ORIENTED_EDGE('',*,*,#1911,.T.);
#1913=CARTESIAN_POINT('',(19.78037445300207,-22.555194224369316,0.));
#1914=VERTEX_POINT('',#1913);
#1915=EDGE_CURVE('',#1910,#1914,#1582,.T.);
#1916=ORIENTED_EDGE('',*,*,#1915,.T.);
#1917=CARTESIAN_POINT('',(21.21320343559642,-21.21320343559643,0.));
#1918=VERTEX_POINT('',#1917);
#1919=EDGE_CURVE('',#1914,#1918,#1582,.T.);
#1920=ORIENTED_EDGE('',*,*,#1919,.T.);
#1921=CARTESIAN_POINT('',(22.555194224369323,-19.78037445300206,0.));
#1922=VERTEX_POINT('',#1921);
#1923=EDGE_CURVE('',#1918,#1922,#1582,.T.);
#1924=ORIENTED_EDGE('',*,*,#1923,.T.);
#1925=CARTESIAN_POINT('',(23.80060020873705,-18.26284287026163,0.));
#1926=VERTEX_POINT('',#1925);
#1927=EDGE_CURVE('',#1922,#1926,#1582,.T.);
#1928=ORIENTED_EDGE('',*,*,#1927,.T.);
#1929=CARTESIAN_POINT('',(24.94408836907634,-16.66710699058809,0.));
#1930=VERTEX_POINT('',#1929);
#1931=EDGE_CURVE('',#1926,#1930,#1582,.T.);
#1932=ORIENTED_EDGE('',*,*,#1931,.T.);
#1933=CARTESIAN_POINT('',(25.980762113533153,-15.000000000000014,0.));
#1934=VERTEX_POINT('',#1933);
#1935=EDGE_CURVE('',#1930,#1934,#1582,.T.);
#1936=ORIENTED_EDGE('',*,*,#1935,.T.);
#1937=CARTESIAN_POINT('',(26.90618224598065,-13.268660706570042,0.));
#1938=VERTEX_POINT('',#1937);
#1939=EDGE_CURVE('',#1934,#1938,#1582,.T.);
#1940=ORIENTED_EDGE('',*,*,#1939,.T.);
#1941=CARTESIAN_POINT('',(27.716385975338607,-11.480502970952687,0.));
#1942=VERTEX_POINT('',#1941);
#1943=EDGE_CURVE('',#1938,#1942,#1582,.T.);
#1944=ORIENTED_EDGE('',*,*,#1943,.T.);
#1945=CARTESIAN_POINT('',(28.407903884853166,-9.643183959094856,0.));
#1946=VERTEX_POINT('',#1945);
#1947=EDGE_CURVE('',#1942,#1946,#1582,.T.);
#1948=ORIENTED_EDGE('',*,*,#1947,.T.);
#1949=CARTESIAN_POINT('',(28.977774788672043,-7.764571353075647,0.));
#1950=VERTEX_POINT('',#1949);
#1951=EDGE_CURVE('',#1946,#1950,#1582,.T.);
#1952=ORIENTED_EDGE('',*,*,#1951,.T.);
#1953=CARTESIAN_POINT('',(29.42355841209691,-5.852709660483861,0.));
#1954=VERTEX_POINT('',#1953);
#1955=EDGE_CURVE('',#1950,#1954,#1582,.T.);
#1956=ORIENTED_EDGE('',*,*,#1955,.T.);
#1957=CARTESIAN_POINT('',(29.74334584121431,-3.9157857666015508,0.));
#1958=VERTEX_POINT('',#1957);
#1959=EDGE_CURVE('',#1954,#1958,#1582,.T.);
#1960=ORIENTED_EDGE('',*,*,#1959,.T.);
#1961=CARTESIAN_POINT('',(29.935767697158106,-1.962093876904284,0.));
#1962=VERTEX_POINT('',#1961);
#1963=EDGE_CURVE('',#1958,#1962,#1582,.T.);
#1964=ORIENTED_EDGE('',*,*,#1963,.T.);
#1965=EDGE_CURVE('',#1962,#1584,#1582,.T.);
#1966=ORIENTED_EDGE('',*,*,#1965,.T.);
#1967=VECTOR('',#11,46.);
#1968=LINE('',#1583,#1967);
#1969=CARTESIAN_POINT('',(30.,0.,46.));
#1970=VERTEX_POINT('',#1969);
#1971=EDGE_CURVE('',#1584,#1970,#1968,.T.);
#1972=ORIENTED_EDGE('',*,*,#1971,.T.);
#1973=AXIS2_PLACEMENT_3D('',#405,#11,#8);
#1974=CIRCLE('',#1973,30.);
#1975=CARTESIAN_POINT('',(29.935767697158106,-1.962093876904284,46.));
#1976=VERTEX_POINT('',#1975);
#1977=EDGE_CURVE('',#1970,#1976,#1974,.F.);
#1978=ORIENTED_EDGE('',*,*,#1977,.T.);
#1979=CARTESIAN_POINT('',(29.74334584121431,-3.9157857666015508,46.));
#1980=VERTEX_POINT('',#1979);
#1981=EDGE_CURVE('',#1976,#1980,#1974,.F.);
#1982=ORIENTED_EDGE('',*,*,#1981,.T.);
#1983=CARTESIAN_POINT('',(29.42355841209691,-5.852709660483861,46.));
#1984=VERTEX_POINT('',#1983);
#1985=EDGE_CURVE('',#1980,#1984,#1974,.F.);
#1986=ORIENTED_EDGE('',*,*,#1985,.T.);
#1987=CARTESIAN_POINT('',(28.977774788672043,-7.764571353075647,46.));
#1988=VERTEX_POINT('',#1987);
#1989=EDGE_CURVE('',#1984,#1988,#1974,.F.);
#1990=ORIENTED_EDGE('',*,*,#1989,.T.);
#1991=CARTESIAN_POINT('',(28.407903884853166,-9.643183959094856,46.));
#1992=VERTEX_POINT('',#1991);
#1993=EDGE_CURVE('',#1988,#1992,#1974,.F.);
#1994=ORIENTED_EDGE('',*,*,#1993,.T.);
#1995=CARTESIAN_POINT('',(27.716385975338607,-11.480502970952687,46.));
#1996=VERTEX_POINT('',#1995);
#1997=EDGE_CURVE('',#1992,#1996,#1974,.F.);
#1998=ORIENTED_EDGE('',*,*,#1997,.T.);
#1999=CARTESIAN_POINT('',(26.90618224598065,-13.268660706570042,46.));
#2000=VERTEX_POINT('',#1999);
#2001=EDGE_CURVE('',#1996,#2000,#1974,.F.);
#2002=ORIENTED_EDGE('',*,*,#2001,.T.);
#2003=CARTESIAN_POINT('',(25.980762113533153,-15.000000000000014,46.));
#2004=VERTEX_POINT('',#2003);
#2005=EDGE_CURVE('',#2000,#2004,#1974,.F.);
#2006=ORIENTED_EDGE('',*,*,#2005,.T.);
#2007=CARTESIAN_POINT('',(24.94408836907634,-16.66710699058809,46.));
#2008=VERTEX_POINT('',#2007);
#2009=EDGE_CURVE('',#2004,#2008,#1974,.F.);
#2010=ORIENTED_EDGE('',*,*,#2009,.T.);
#2011=CARTESIAN_POINT('',(23.80060020873705,-18.26284287026163,46.));
#2012=VERTEX_POINT('',#2011);
#2013=EDGE_CURVE('',#2008,#2012,#1974,.F.);
#2014=ORIENTED_EDGE('',*,*,#2013,.T.);
#2015=CARTESIAN_POINT('',(22.555194224369323,-19.78037445300206,46.));
#2016=VERTEX_POINT('',#2015);
#2017=EDGE_CURVE('',#2012,#2016,#1974,.F.);
#2018=ORIENTED_EDGE('',*,*,#2017,.T.);
#2019=CARTESIAN_POINT('',(21.21320343559642,-21.21320343559643,46.));
#2020=VERTEX_POINT('',#2019);
#2021=EDGE_CURVE('',#2016,#2020,#1974,.F.);
#2022=ORIENTED_EDGE('',*,*,#2021,.T.);
#2023=CARTESIAN_POINT('',(19.78037445300207,-22.555194224369316,46.));
#2024=VERTEX_POINT('',#2023);
#2025=EDGE_CURVE('',#2020,#2024,#1974,.F.);
#2026=ORIENTED_EDGE('',*,*,#2025,.T.);
#2027=CARTESIAN_POINT('',(18.262842870261597,-23.800600208737073,46.));
#2028=VERTEX_POINT('',#2027);
#2029=EDGE_CURVE('',#2024,#2028,#1974,.F.);
#2030=ORIENTED_EDGE('',*,*,#2029,.T.);
#2031=CARTESIAN_POINT('',(16.667106990588056,-24.944088369076365,46.));
#2032=VERTEX_POINT('',#2031);
#2033=EDGE_CURVE('',#2028,#2032,#1974,.F.);
#2034=ORIENTED_EDGE('',*,*,#2033,.T.);
#2035=CARTESIAN_POINT('',(15.000000000000004,-25.980762113533157,46.));
#2036=VERTEX_POINT('',#2035);
#2037=EDGE_CURVE('',#2032,#2036,#1974,.F.);
#2038=ORIENTED_EDGE('',*,*,#2037,.T.);
#2039=CARTESIAN_POINT('',(13.268660706570031,-26.906182245980652,46.));
#2040=VERTEX_POINT('',#2039);
#2041=EDGE_CURVE('',#2036,#2040,#1974,.F.);
#2042=ORIENTED_EDGE('',*,*,#2041,.T.);
#2043=CARTESIAN_POINT('',(11.480502970952674,-27.71638597533861,46.));
#2044=VERTEX_POINT('',#2043);
#2045=EDGE_CURVE('',#2040,#2044,#1974,.F.);
#2046=ORIENTED_EDGE('',*,*,#2045,.T.);
#2047=CARTESIAN_POINT('',(9.643183959094845,-28.40790388485317,46.));
#2048=VERTEX_POINT('',#2047);
#2049=EDGE_CURVE('',#2044,#2048,#1974,.F.);
#2050=ORIENTED_EDGE('',*,*,#2049,.T.);
#2051=CARTESIAN_POINT('',(7.764571353075609,-28.977774788672054,46.));
#2052=VERTEX_POINT('',#2051);
#2053=EDGE_CURVE('',#2048,#2052,#1974,.F.);
#2054=ORIENTED_EDGE('',*,*,#2053,.T.);
#2055=CARTESIAN_POINT('',(5.852709660483849,-29.423558412096913,46.));
#2056=VERTEX_POINT('',#2055);
#2057=EDGE_CURVE('',#2052,#2056,#1974,.F.);
#2058=ORIENTED_EDGE('',*,*,#2057,.T.);
#2059=CARTESIAN_POINT('',(3.915785766601538,-29.743345841214314,46.));
#2060=VERTEX_POINT('',#2059);
#2061=EDGE_CURVE('',#2056,#2060,#1974,.F.);
#2062=ORIENTED_EDGE('',*,*,#2061,.T.);
#2063=CARTESIAN_POINT('',(1.962093876904271,-29.93576769715811,46.));
#2064=VERTEX_POINT('',#2063);
#2065=EDGE_CURVE('',#2060,#2064,#1974,.F.);
#2066=ORIENTED_EDGE('',*,*,#2065,.T.);
#2067=CARTESIAN_POINT('',(-5.510910596163089E-15,-30.,46.));
#2068=VERTEX_POINT('',#2067);
#2069=EDGE_CURVE('',#2064,#2068,#1974,.F.);
#2070=ORIENTED_EDGE('',*,*,#2069,.T.);
#2071=CARTESIAN_POINT('',(-1.962093876904282,-29.935767697158106,46.));
#2072=VERTEX_POINT('',#2071);
#2073=EDGE_CURVE('',#2068,#2072,#1974,.F.);
#2074=ORIENTED_EDGE('',*,*,#2073,.T.);
#2075=CARTESIAN_POINT('',(-3.915785766601549,-29.74334584121431,46.));
#2076=VERTEX_POINT('',#2075);
#2077=EDGE_CURVE('',#2072,#2076,#1974,.F.);
#2078=ORIENTED_EDGE('',*,*,#2077,.T.);
#2079=CARTESIAN_POINT('',(-5.8527096604838595,-29.42355841209691,46.));
#2080=VERTEX_POINT('',#2079);
#2081=EDGE_CURVE('',#2076,#2080,#1974,.F.);
#2082=ORIENTED_EDGE('',*,*,#2081,.T.);
#2083=CARTESIAN_POINT('',(-7.764571353075619,-28.97777478867205,46.));
#2084=VERTEX_POINT('',#2083);
#2085=EDGE_CURVE('',#2080,#2084,#1974,.F.);
#2086=ORIENTED_EDGE('',*,*,#2085,.T.);
#2087=CARTESIAN_POINT('',(-9.643183959094854,-28.407903884853166,46.));
#2088=VERTEX_POINT('',#2087);
#2089=EDGE_CURVE('',#2084,#2088,#1974,.F.);
#2090=ORIENTED_EDGE('',*,*,#2089,.T.);
#2091=CARTESIAN_POINT('',(-11.480502970952685,-27.716385975338607,46.));
#2092=VERTEX_POINT('',#2091);
#2093=EDGE_CURVE('',#2088,#2092,#1974,.F.);
#2094=ORIENTED_EDGE('',*,*,#2093,.T.);
#2095=CARTESIAN_POINT('',(-13.26866070657004,-26.90618224598065,46.));
#2096=VERTEX_POINT('',#2095);
#2097=EDGE_CURVE('',#2092,#2096,#1974,.F.);
#2098=ORIENTED_EDGE('',*,*,#2097,.T.);
#2099=CARTESIAN_POINT('',(-15.000000000000014,-25.980762113533153,46.));
#2100=VERTEX_POINT('',#2099);
#2101=EDGE_CURVE('',#2096,#2100,#1974,.F.);
#2102=ORIENTED_EDGE('',*,*,#2101,.T.);
#2103=CARTESIAN_POINT('',(-16.667106990588067,-24.944088369076358,46.));
#2104=VERTEX_POINT('',#2103);
#2105=EDGE_CURVE('',#2100,#2104,#1974,.F.);
#2106=ORIENTED_EDGE('',*,*,#2105,.T.);
#2107=CARTESIAN_POINT('',(-18.262842870261625,-23.80060020873705,46.));
#2108=VERTEX_POINT('',#2107);
#2109=EDGE_CURVE('',#2104,#2108,#1974,.F.);
#2110=ORIENTED_EDGE('',*,*,#2109,.T.);
#2111=CARTESIAN_POINT('',(-19.78037445300207,-22.55519422436932,46.));
#2112=VERTEX_POINT('',#2111);
#2113=EDGE_CURVE('',#2108,#2112,#1974,.F.);
#2114=ORIENTED_EDGE('',*,*,#2113,.T.);
#2115=CARTESIAN_POINT('',(-21.213203435596437,-21.213203435596412,46.));
#2116=VERTEX_POINT('',#2115);
#2117=EDGE_CURVE('',#2112,#2116,#1974,.F.);
#2118=ORIENTED_EDGE('',*,*,#2117,.T.);
#2119=CARTESIAN_POINT('',(-22.555194224369323,-19.780374453002064,46.));
#2120=VERTEX_POINT('',#2119);
#2121=EDGE_CURVE('',#2116,#2120,#1974,.F.);
#2122=ORIENTED_EDGE('',*,*,#2121,.T.);
#2123=CARTESIAN_POINT('',(-23.800600208737055,-18.26284287026162,46.));
#2124=VERTEX_POINT('',#2123);
#2125=EDGE_CURVE('',#2120,#2124,#1974,.F.);
#2126=ORIENTED_EDGE('',*,*,#2125,.T.);
#2127=CARTESIAN_POINT('',(-24.944088369076365,-16.66710699058806,46.));
#2128=VERTEX_POINT('',#2127);
#2129=EDGE_CURVE('',#2124,#2128,#1974,.F.);
#2130=ORIENTED_EDGE('',*,*,#2129,.T.);
#2131=CARTESIAN_POINT('',(-25.980762113533164,-14.999999999999991,46.));
#2132=VERTEX_POINT('',#2131);
#2133=EDGE_CURVE('',#2128,#2132,#1974,.F.);
#2134=ORIENTED_EDGE('',*,*,#2133,.T.);
#2135=CARTESIAN_POINT('',(-26.90618224598065,-13.268660706570044,46.));
#2136=VERTEX_POINT('',#2135);
#2137=EDGE_CURVE('',#2132,#2136,#1974,.F.);
#2138=ORIENTED_EDGE('',*,*,#2137,.T.);
#2139=CARTESIAN_POINT('',(-27.716385975338607,-11.48050297095269,46.));
#2140=VERTEX_POINT('',#2139);
#2141=EDGE_CURVE('',#2136,#2140,#1974,.F.);
#2142=ORIENTED_EDGE('',*,*,#2141,.T.);
#2143=CARTESIAN_POINT('',(-28.40790388485317,-9.643183959094847,46.));
#2144=VERTEX_POINT('',#2143);
#2145=EDGE_CURVE('',#2140,#2144,#1974,.F.);
#2146=ORIENTED_EDGE('',*,*,#2145,.T.);
#2147=CARTESIAN_POINT('',(-28.97777478867205,-7.764571353075624,46.));
#2148=VERTEX_POINT('',#2147);
#2149=EDGE_CURVE('',#2144,#2148,#1974,.F.);
#2150=ORIENTED_EDGE('',*,*,#2149,.T.);
#2151=CARTESIAN_POINT('',(-29.423558412096916,-5.852709660483837,46.));
#2152=VERTEX_POINT('',#2151);
#2153=EDGE_CURVE('',#2148,#2152,#1974,.F.);
#2154=ORIENTED_EDGE('',*,*,#2153,.T.);
#2155=CARTESIAN_POINT('',(-29.74334584121431,-3.915785766601553,46.));
#2156=VERTEX_POINT('',#2155);
#2157=EDGE_CURVE('',#2152,#2156,#1974,.F.);
#2158=ORIENTED_EDGE('',*,*,#2157,.T.);
#2159=CARTESIAN_POINT('',(-29.935767697158106,-1.962093876904286,46.));
#2160=VERTEX_POINT('',#2159);
#2161=EDGE_CURVE('',#2156,#2160,#1974,.F.);
#2162=ORIENTED_EDGE('',*,*,#2161,.T.);
#2163=CARTESIAN_POINT('',(-30.,3.67394039744206E-15,46.));
#2164=VERTEX_POINT('',#2163);
#2165=EDGE_CURVE('',#2160,#2164,#1974,.F.);
#2166=ORIENTED_EDGE('',*,*,#2165,.T.);
#2167=CARTESIAN_POINT('',(-29.935767697158106,1.9620938769042935,46.));
#2168=VERTEX_POINT('',#2167);
#2169=EDGE_CURVE('',#2164,#2168,#1974,.F.);
#2170=ORIENTED_EDGE('',*,*,#2169,.T.);
#2171=CARTESIAN_POINT('',(-29.74334584121431,3.9157857666015596,46.));
#2172=VERTEX_POINT('',#2171);
#2173=EDGE_CURVE('',#2168,#2172,#1974,.F.);
#2174=ORIENTED_EDGE('',*,*,#2173,.T.);
#2175=CARTESIAN_POINT('',(-29.423558412096913,5.852709660483845,46.));
#2176=VERTEX_POINT('',#2175);
#2177=EDGE_CURVE('',#2172,#2176,#1974,.F.);
#2178=ORIENTED_EDGE('',*,*,#2177,.T.);
#2179=CARTESIAN_POINT('',(-28.977774788672047,7.76457135307563,46.));
#2180=VERTEX_POINT('',#2179);
#2181=EDGE_CURVE('',#2176,#2180,#1974,.F.);
#2182=ORIENTED_EDGE('',*,*,#2181,.T.);
#2183=CARTESIAN_POINT('',(-28.407903884853166,9.643183959094852,46.));
#2184=VERTEX_POINT('',#2183);
#2185=EDGE_CURVE('',#2180,#2184,#1974,.F.);
#2186=ORIENTED_EDGE('',*,*,#2185,.T.);
#2187=CARTESIAN_POINT('',(-27.716385975338603,11.480502970952697,46.));
#2188=VERTEX_POINT('',#2187);
#2189=EDGE_CURVE('',#2184,#2188,#1974,.F.);
#2190=ORIENTED_EDGE('',*,*,#2189,.T.);
#2191=CARTESIAN_POINT('',(-26.906182245980645,13.268660706570051,46.));
#2192=VERTEX_POINT('',#2191);
#2193=EDGE_CURVE('',#2188,#2192,#1974,.F.);
#2194=ORIENTED_EDGE('',*,*,#2193,.T.);
#2195=CARTESIAN_POINT('',(-25.98076211353316,14.999999999999998,46.));
#2196=VERTEX_POINT('',#2195);
#2197=EDGE_CURVE('',#2192,#2196,#1974,.F.);
#2198=ORIENTED_EDGE('',*,*,#2197,.T.);
#2199=CARTESIAN_POINT('',(-24.94408836907635,16.667106990588074,46.));
#2200=VERTEX_POINT('',#2199);
#2201=EDGE_CURVE('',#2196,#2200,#1974,.F.);
#2202=ORIENTED_EDGE('',*,*,#2201,.T.);
#2203=CARTESIAN_POINT('',(-23.800600208737052,18.262842870261625,46.));
#2204=VERTEX_POINT('',#2203);
#2205=EDGE_CURVE('',#2200,#2204,#1974,.F.);
#2206=ORIENTED_EDGE('',*,*,#2205,.T.);
#2207=CARTESIAN_POINT('',(-22.55519422436932,19.780374453002068,46.));
#2208=VERTEX_POINT('',#2207);
#2209=EDGE_CURVE('',#2204,#2208,#1974,.F.);
#2210=ORIENTED_EDGE('',*,*,#2209,.T.);
#2211=CARTESIAN_POINT('',(-21.213203435596423,21.213203435596427,46.));
#2212=VERTEX_POINT('',#2211);
#2213=EDGE_CURVE('',#2208,#2212,#1974,.F.);
#2214=ORIENTED_EDGE('',*,*,#2213,.T.);
#2215=CARTESIAN_POINT('',(-19.780374453002064,22.555194224369323,46.));
#2216=VERTEX_POINT('',#2215);
#2217=EDGE_CURVE('',#2212,#2216,#1974,.F.);
#2218=ORIENTED_EDGE('',*,*,#2217,.T.);
#2219=CARTESIAN_POINT('',(-18.26284287026162,23.800600208737055,46.));
#2220=VERTEX_POINT('',#2219);
#2221=EDGE_CURVE('',#2216,#2220,#1974,.F.);
#2222=ORIENTED_EDGE('',*,*,#2221,.T.);
#2223=CARTESIAN_POINT('',(-16.667106990588067,24.944088369076354,46.));
#2224=VERTEX_POINT('',#2223);
#2225=EDGE_CURVE('',#2220,#2224,#1974,.F.);
#2226=ORIENTED_EDGE('',*,*,#2225,.T.);
#2227=CARTESIAN_POINT('',(-14.999999999999993,25.98076211353316,46.));
#2228=VERTEX_POINT('',#2227);
#2229=EDGE_CURVE('',#2224,#2228,#1974,.F.);
#2230=ORIENTED_EDGE('',*,*,#2229,.T.);
#2231=CARTESIAN_POINT('',(-13.268660706570033,26.906182245980652,46.));
#2232=VERTEX_POINT('',#2231);
#2233=EDGE_CURVE('',#2228,#2232,#1974,.F.);
#2234=ORIENTED_EDGE('',*,*,#2233,.T.);
#2235=CARTESIAN_POINT('',(-11.480502970952685,27.716385975338607,46.));
#2236=VERTEX_POINT('',#2235);
#2237=EDGE_CURVE('',#2232,#2236,#1974,.F.);
#2238=ORIENTED_EDGE('',*,*,#2237,.T.);
#2239=CARTESIAN_POINT('',(-9.643183959094848,28.40790388485317,46.));
#2240=VERTEX_POINT('',#2239);
#2241=EDGE_CURVE('',#2236,#2240,#1974,.F.);
#2242=ORIENTED_EDGE('',*,*,#2241,.T.);
#2243=CARTESIAN_POINT('',(-7.764571353075619,28.97777478867205,46.));
#2244=VERTEX_POINT('',#2243);
#2245=EDGE_CURVE('',#2240,#2244,#1974,.F.);
#2246=ORIENTED_EDGE('',*,*,#2245,.T.);
#2247=CARTESIAN_POINT('',(-5.852709660483846,29.423558412096913,46.));
#2248=VERTEX_POINT('',#2247);
#2249=EDGE_CURVE('',#2244,#2248,#1974,.F.);
#2250=ORIENTED_EDGE('',*,*,#2249,.T.);
#2251=CARTESIAN_POINT('',(-3.915785766601548,29.74334584121431,46.));
#2252=VERTEX_POINT('',#2251);
#2253=EDGE_CURVE('',#2248,#2252,#1974,.F.);
#2254=ORIENTED_EDGE('',*,*,#2253,.T.);
#2255=CARTESIAN_POINT('',(-1.9620938769042944,29.935767697158106,46.));
#2256=VERTEX_POINT('',#2255);
#2257=EDGE_CURVE('',#2252,#2256,#1974,.F.);
#2258=ORIENTED_EDGE('',*,*,#2257,.T.);
#2259=CARTESIAN_POINT('',(1.83697019872103E-15,30.,46.));
#2260=VERTEX_POINT('',#2259);
#2261=EDGE_CURVE('',#2256,#2260,#1974,.F.);
#2262=ORIENTED_EDGE('',*,*,#2261,.T.);
#2263=CARTESIAN_POINT('',(1.9620938769042982,29.935767697158106,46.));
#2264=VERTEX_POINT('',#2263);
#2265=EDGE_CURVE('',#2260,#2264,#1974,.F.);
#2266=ORIENTED_EDGE('',*,*,#2265,.T.);
#2267=CARTESIAN_POINT('',(3.915785766601551,29.74334584121431,46.));
#2268=VERTEX_POINT('',#2267);
#2269=EDGE_CURVE('',#2264,#2268,#1974,.F.);
#2270=ORIENTED_EDGE('',*,*,#2269,.T.);
#2271=CARTESIAN_POINT('',(5.85270966048385,29.423558412096913,46.));
#2272=VERTEX_POINT('',#2271);
#2273=EDGE_CURVE('',#2268,#2272,#1974,.F.);
#2274=ORIENTED_EDGE('',*,*,#2273,.T.);
#2275=CARTESIAN_POINT('',(7.764571353075622,28.97777478867205,46.));
#2276=VERTEX_POINT('',#2275);
#2277=EDGE_CURVE('',#2272,#2276,#1974,.F.);
#2278=ORIENTED_EDGE('',*,*,#2277,.T.);
#2279=CARTESIAN_POINT('',(9.64318395909485,28.407903884853166,46.));
#2280=VERTEX_POINT('',#2279);
#2281=EDGE_CURVE('',#2276,#2280,#1974,.F.);
#2282=ORIENTED_EDGE('',*,*,#2281,.T.);
#2283=CARTESIAN_POINT('',(11.480502970952696,27.716385975338603,46.));
#2284=VERTEX_POINT('',#2283);
#2285=EDGE_CURVE('',#2280,#2284,#1974,.F.);
#2286=ORIENTED_EDGE('',*,*,#2285,.T.);
#2287=CARTESIAN_POINT('',(13.268660706570037,26.906182245980652,46.));
#2288=VERTEX_POINT('',#2287);
#2289=EDGE_CURVE('',#2284,#2288,#1974,.F.);
#2290=ORIENTED_EDGE('',*,*,#2289,.T.);
#2291=CARTESIAN_POINT('',(15.000000000000004,25.980762113533157,46.));
#2292=VERTEX_POINT('',#2291);
#2293=EDGE_CURVE('',#2288,#2292,#1974,.F.);
#2294=ORIENTED_EDGE('',*,*,#2293,.T.);
#2295=CARTESIAN_POINT('',(16.66710699058807,24.944088369076354,46.));
#2296=VERTEX_POINT('',#2295);
#2297=EDGE_CURVE('',#2292,#2296,#1974,.F.);
#2298=ORIENTED_EDGE('',*,*,#2297,.T.);
#2299=CARTESIAN_POINT('',(18.26284287026162,23.800600208737055,46.));
#2300=VERTEX_POINT('',#2299);
#2301=EDGE_CURVE('',#2296,#2300,#1974,.F.);
#2302=ORIENTED_EDGE('',*,*,#2301,.T.);
#2303=CARTESIAN_POINT('',(19.780374453002064,22.555194224369323,46.));
#2304=VERTEX_POINT('',#2303);
#2305=EDGE_CURVE('',#2300,#2304,#1974,.F.);
#2306=ORIENTED_EDGE('',*,*,#2305,.T.);
#2307=CARTESIAN_POINT('',(21.213203435596427,21.213203435596427,46.));
#2308=VERTEX_POINT('',#2307);
#2309=EDGE_CURVE('',#2304,#2308,#1974,.F.);
#2310=ORIENTED_EDGE('',*,*,#2309,.T.);
#2311=CARTESIAN_POINT('',(22.555194224369323,19.780374453002064,46.));
#2312=VERTEX_POINT('',#2311);
#2313=EDGE_CURVE('',#2308,#2312,#1974,.F.);
#2314=ORIENTED_EDGE('',*,*,#2313,.T.);
#2315=CARTESIAN_POINT('',(23.800600208737055,18.26284287026162,46.));
#2316=VERTEX_POINT('',#2315);
#2317=EDGE_CURVE('',#2312,#2316,#1974,.F.);
#2318=ORIENTED_EDGE('',*,*,#2317,.T.);
#2319=CARTESIAN_POINT('',(24.944088369076358,16.667106990588067,46.));
#2320=VERTEX_POINT('',#2319);
#2321=EDGE_CURVE('',#2316,#2320,#1974,.F.);
#2322=ORIENTED_EDGE('',*,*,#2321,.T.);
#2323=CARTESIAN_POINT('',(25.98076211353316,14.999999999999998,46.));
#2324=VERTEX_POINT('',#2323);
#2325=EDGE_CURVE('',#2320,#2324,#1974,.F.);
#2326=ORIENTED_EDGE('',*,*,#2325,.T.);
#2327=CARTESIAN_POINT('',(26.906182245980652,13.268660706570037,46.));
#2328=VERTEX_POINT('',#2327);
#2329=EDGE_CURVE('',#2324,#2328,#1974,.F.);
#2330=ORIENTED_EDGE('',*,*,#2329,.T.);
#2331=CARTESIAN_POINT('',(27.716385975338603,11.480502970952694,46.));
#2332=VERTEX_POINT('',#2331);
#2333=EDGE_CURVE('',#2328,#2332,#1974,.F.);
#2334=ORIENTED_EDGE('',*,*,#2333,.T.);
#2335=CARTESIAN_POINT('',(28.40790388485317,9.643183959094848,46.));
#2336=VERTEX_POINT('',#2335);
#2337=EDGE_CURVE('',#2332,#2336,#1974,.F.);
#2338=ORIENTED_EDGE('',*,*,#2337,.T.);
#2339=CARTESIAN_POINT('',(28.97777478867205,7.764571353075622,46.));
#2340=VERTEX_POINT('',#2339);
#2341=EDGE_CURVE('',#2336,#2340,#1974,.F.);
#2342=ORIENTED_EDGE('',*,*,#2341,.T.);
#2343=CARTESIAN_POINT('',(29.423558412096913,5.852709660483847,46.));
#2344=VERTEX_POINT('',#2343);
#2345=EDGE_CURVE('',#2340,#2344,#1974,.F.);
#2346=ORIENTED_EDGE('',*,*,#2345,.T.);
#2347=CARTESIAN_POINT('',(29.74334584121431,3.915785766601547,46.));
#2348=VERTEX_POINT('',#2347);
#2349=EDGE_CURVE('',#2344,#2348,#1974,.F.);
#2350=ORIENTED_EDGE('',*,*,#2349,.T.);
#2351=CARTESIAN_POINT('',(29.935767697158106,1.962093876904292,46.));
#2352=VERTEX_POINT('',#2351);
#2353=EDGE_CURVE('',#2348,#2352,#1974,.F.);
#2354=ORIENTED_EDGE('',*,*,#2353,.T.);
#2355=EDGE_CURVE('',#2352,#1970,#1974,.F.);
#2356=ORIENTED_EDGE('',*,*,#2355,.T.);
#2357=ORIENTED_EDGE('',*,*,#1971,.F.);
#2358=EDGE_LOOP('',(#1588,#1592,#1596,#1600,#1604,#1608,#1612,#1616,#1620,#1624,#1628,#1632,#1636,#1640,#1644,#1648,#1652,#1656,#1660,#1664,#1668,#1672,#1676,#1680,#1684,#1688,#1692,#1696,#1700,#1704,#1708,#1712,#1716,#1720,#1724,#1728,#1732,#1736,#1740,#1744,#1748,#1752,#1756,#1760,#1764,#1768,#1772,#1776,#1780,#1784,#1788,#1792,#1796,#1800,#1804,#1808,#1812,#1816,#1820,#1824,#1828,#1832,#1836,#1840,#1844,#1848,#1852,#1856,#1860,#1864,#1868,#1872,#1876,#1880,#1884,#1888,#1892,#1896,#1900,#1904,#1908,#1912,#1916,#1920,#1924,#1928,#1932,#1936,#1940,#1944,#1948,#1952,#1956,#1960,#1964,#1966,#1972,#1978,#1982,#1986,#1990,#1994,#1998,#2002,#2006,#2010,#2014,#2018,#2022,#2026,#2030,#2034,#2038,#2042,#2046,#2050,#2054,#2058,#2062,#2066,#2070,#2074,#2078,#2082,#2086,#2090,#2094,#2098,#2102,#2106,#2110,#2114,#2118,#2122,#2126,#2130,#2134,#2138,#2142,#2146,#2150,#2154,#2158,#2162,#2166,#2170,#2174,#2178,#2182,#2186,#2190,#2194,#2198,#2202,#2206,#2210,#2214,#2218,#2222,#2226,#2230,#2234,#2238,#2242,#2246,#2250,#2254,#2258,#2262,#2266,#2270,#2274,#2278,#2282,#2286,#2290,#2294,#2298,#2302,#2306,#2310,#2314,#2318,#2322,#2326,#2330,#2334,#2338,#2342,#2346,#2350,#2354,#2356,#2357));
#2359=FACE_OUTER_BOUND('',#2358,.T.);
#2360=ADVANCED_FACE('',(#2359),#1580,.F.);
#2361=AXIS2_PLACEMENT_3D('',#405,#11,#8);
#2362=PLANE('',#2361);
#2363=ORIENTED_EDGE('',*,*,#788,.F.);
#2364=ORIENTED_EDGE('',*,*,#786,.F.);
#2365=ORIENTED_EDGE('',*,*,#782,.F.);
#2366=ORIENTED_EDGE('',*,*,#778,.F.);
#2367=ORIENTED_EDGE('',*,*,#774,.F.);
#2368=ORIENTED_EDGE('',*,*,#770,.F.);
#2369=ORIENTED_EDGE('',*,*,#766,.F.);
#2370=ORIENTED_EDGE('',*,*,#762,.F.);
#2371=ORIENTED_EDGE('',*,*,#758,.F.);
#2372=ORIENTED_EDGE('',*,*,#754,.F.);
#2373=ORIENTED_EDGE('',*,*,#750,.F.);
#2374=ORIENTED_EDGE('',*,*,#746,.F.);
#2375=ORIENTED_EDGE('',*,*,#742,.F.);
#2376=ORIENTED_EDGE('',*,*,#738,.F.);
#2377=ORIENTED_EDGE('',*,*,#734,.F.);
#2378=ORIENTED_EDGE('',*,*,#730,.F.);
#2379=ORIENTED_EDGE('',*,*,#726,.F.);
#2380=ORIENTED_EDGE('',*,*,#722,.F.);
#2381=ORIENTED_EDGE('',*,*,#718,.F.);
#2382=ORIENTED_EDGE('',*,*,#714,.F.);
#2383=ORIENTED_EDGE('',*,*,#710,.F.);
#2384=ORIENTED_EDGE('',*,*,#706,.F.);
#2385=ORIENTED_EDGE('',*,*,#702,.F.);
#2386=ORIENTED_EDGE('',*,*,#698,.F.);
#2387=ORIENTED_EDGE('',*,*,#694,.F.);
#2388=ORIENTED_EDGE('',*,*,#690,.F.);
#2389=ORIENTED_EDGE('',*,*,#686,.F.);
#2390=ORIENTED_EDGE('',*,*,#682,.F.);
#2391=ORIENTED_EDGE('',*,*,#678,.F.);
#2392=ORIENTED_EDGE('',*,*,#674,.F.);
#2393=ORIENTED_EDGE('',*,*,#670,.F.);
#2394=ORIENTED_EDGE('',*,*,#666,.F.);
#2395=ORIENTED_EDGE('',*,*,#662,.F.);
#2396=ORIENTED_EDGE('',*,*,#658,.F.);
#2397=ORIENTED_EDGE('',*,*,#654,.F.);
#2398=ORIENTED_EDGE('',*,*,#650,.F.);
#2399=ORIENTED_EDGE('',*,*,#646,.F.);
#2400=ORIENTED_EDGE('',*,*,#642,.F.);
#2401=ORIENTED_EDGE('',*,*,#638,.F.);
#2402=ORIENTED_EDGE('',*,*,#634,.F.);
#2403=ORIENTED_EDGE('',*,*,#630,.F.);
#2404=ORIENTED_EDGE('',*,*,#626,.F.);
#2405=ORIENTED_EDGE('',*,*,#622,.F.);
#2406=ORIENTED_EDGE('',*,*,#618,.F.);
#2407=ORIENTED_EDGE('',*,*,#614,.F.);
#2408=ORIENTED_EDGE('',*,*,#610,.F.);
#2409=ORIENTED_EDGE('',*,*,#606,.F.);
#2410=ORIENTED_EDGE('',*,*,#602,.F.);
#2411=ORIENTED_EDGE('',*,*,#598,.F.);
#2412=ORIENTED_EDGE('',*,*,#594,.F.);
#2413=ORIENTED_EDGE('',*,*,#590,.F.);
#2414=ORIENTED_EDGE('',*,*,#586,.F.);
#2415=ORIENTED_EDGE('',*,*,#582,.F.);
#2416=ORIENTED_EDGE('',*,*,#578,.F.);
#2417=ORIENTED_EDGE('',*,*,#574,.F.);
#2418=ORIENTED_EDGE('',*,*,#570,.F.);
#2419=ORIENTED_EDGE('',*,*,#566,.F.);
#2420=ORIENTED_EDGE('',*,*,#562,.F.);
#2421=ORIENTED_EDGE('',*,*,#558,.F.);
#2422=ORIENTED_EDGE('',*,*,#554,.F.);
#2423=ORIENTED_EDGE('',*,*,#550,.F.);
#2424=ORIENTED_EDGE('',*,*,#546,.F.);
#2425=ORIENTED_EDGE('',*,*,#542,.F.);
#2426=ORIENTED_EDGE('',*,*,#538,.F.);
#2427=ORIENTED_EDGE('',*,*,#534,.F.);
#2428=ORIENTED_EDGE('',*,*,#530,.F.);
#2429=ORIENTED_EDGE('',*,*,#526,.F.);
#2430=ORIENTED_EDGE('',*,*,#522,.F.);
#2431=ORIENTED_EDGE('',*,*,#518,.F.);
#2432=ORIENTED_EDGE('',*,*,#514,.F.);
#2433=ORIENTED_EDGE('',*,*,#510,.F.);
#2434=ORIENTED_EDGE('',*,*,#506,.F.);
#2435=ORIENTED_EDGE('',*,*,#502,.F.);
#2436=ORIENTED_EDGE('',*,*,#498,.F.);
#2437=ORIENTED_EDGE('',*,*,#494,.F.);
#2438=ORIENTED_EDGE('',*,*,#490,.F.);
#2439=ORIENTED_EDGE('',*,*,#486,.F.);
#2440=ORIENTED_EDGE('',*,*,#482,.F.);
#2441=ORIENTED_EDGE('',*,*,#478,.F.);
#2442=ORIENTED_EDGE('',*,*,#474,.F.);
#2443=ORIENTED_EDGE('',*,*,#470,.F.);
#2444=ORIENTED_EDGE('',*,*,#466,.F.);
#2445=ORIENTED_EDGE('',*,*,#462,.F.);
#2446=ORIENTED_EDGE('',*,*,#458,.F.);
#2447=ORIENTED_EDGE('',*,*,#454,.F.);
#2448=ORIENTED_EDGE('',*,*,#450,.F.);
#2449=ORIENTED_EDGE('',*,*,#446,.F.);
#2450=ORIENTED_EDGE('',*,*,#442,.F.);
#2451=ORIENTED_EDGE('',*,*,#438,.F.);
#2452=ORIENTED_EDGE('',*,*,#434,.F.);
#2453=ORIENTED_EDGE('',*,*,#430,.F.);
#2454=ORIENTED_EDGE('',*,*,#426,.F.);
#2455=ORIENTED_EDGE('',*,*,#422,.F.);
#2456=ORIENTED_EDGE('',*,*,#418,.F.);
#2457=ORIENTED_EDGE('',*,*,#414,.F.);
#2458=ORIENTED_EDGE('',*,*,#410,.F.);
#2459=EDGE_LOOP('',(#2363,#2364,#2365,#2366,#2367,#2368,#2369,#2370,#2371,#2372,#2373,#2374,#2375,#2376,#2377,#2378,#2379,#2380,#2381,#2382,#2383,#2384,#2385,#2386,#2387,#2388,#2389,#2390,#2391,#2392,#2393,#2394,#2395,#2396,#2397,#2398,#2399,#2400,#2401,#2402,#2403,#2404,#2405,#2406,#2407,#2408,#2409,#2410,#2411,#2412,#2413,#2414,#2415,#2416,#2417,#2418,#2419,#2420,#2421,#2422,#2423,#2424,#2425,#2426,#2427,#2428,#2429,#2430,#2431,#2432,#2433,#2434,#2435,#2436,#2437,#2438,#2439,#2440,#2441,#2442,#2443,#2444,#2445,#2446,#2447,#2448,#2449,#2450,#2451,#2452,#2453,#2454,#2455,#2456,#2457,#2458));
#2460=FACE_OUTER_BOUND('',#2459,.T.);
#2461=ORIENTED_EDGE('',*,*,#2355,.F.);
#2462=ORIENTED_EDGE('',*,*,#2353,.F.);
#2463=ORIENTED_EDGE('',*,*,#2349,.F.);
#2464=ORIENTED_EDGE('',*,*,#2345,.F.);
#2465=ORIENTED_EDGE('',*,*,#2341,.F.);
#2466=ORIENTED_EDGE('',*,*,#2337,.F.);
#2467=ORIENTED_EDGE('',*,*,#2333,.F.);
#2468=ORIENTED_EDGE('',*,*,#2329,.F.);
#2469=ORIENTED_EDGE('',*,*,#2325,.F.);
#2470=ORIENTED_EDGE('',*,*,#2321,.F.);
#2471=ORIENTED_EDGE('',*,*,#2317,.F.);
#2472=ORIENTED_EDGE('',*,*,#2313,.F.);
#2473=ORIENTED_EDGE('',*,*,#2309,.F.);
#2474=ORIENTED_EDGE('',*,*,#2305,.F.);
#2475=ORIENTED_EDGE('',*,*,#2301,.F.);
#2476=ORIENTED_EDGE('',*,*,#2297,.F.);
#2477=ORIENTED_EDGE('',*,*,#2293,.F.);
#2478=ORIENTED_EDGE('',*,*,#2289,.F.);
#2479=ORIENTED_EDGE('',*,*,#2285,.F.);
#2480=ORIENTED_EDGE('',*,*,#2281,.F.);
#2481=ORIENTED_EDGE('',*,*,#2277,.F.);
#2482=ORIENTED_EDGE('',*,*,#2273,.F.);
#2483=ORIENTED_EDGE('',*,*,#2269,.F.);
#2484=ORIENTED_EDGE('',*,*,#2265,.F.);
#2485=ORIENTED_EDGE('',*,*,#2261,.F.);
#2486=ORIENTED_EDGE('',*,*,#2257,.F.);
#2487=ORIENTED_EDGE('',*,*,#2253,.F.);
#2488=ORIENTED_EDGE('',*,*,#2249,.F.);
#2489=ORIENTED_EDGE('',*,*,#2245,.F.);
#2490=ORIENTED_EDGE('',*,*,#2241,.F.);
#2491=ORIENTED_EDGE('',*,*,#2237,.F.);
#2492=ORIENTED_EDGE('',*,*,#2233,.F.);
#2493=ORIENTED_EDGE('',*,*,#2229,.F.);
#2494=ORIENTED_EDGE('',*,*,#2225,.F.);
#2495=ORIENTED_EDGE('',*,*,#2221,.F.);
#2496=ORIENTED_EDGE('',*,*,#2217,.F.);
#2497=ORIENTED_EDGE('',*,*,#2213,.F.);
#2498=ORIENTED_EDGE('',*,*,#2209,.F.);
#2499=ORIENTED_EDGE('',*,*,#2205,.F.);
#2500=ORIENTED_EDGE('',*,*,#2201,.F.);
#2501=ORIENTED_EDGE('',*,*,#2197,.F.);
#2502=ORIENTED_EDGE('',*,*,#2193,.F.);
#2503=ORIENTED_EDGE('',*,*,#2189,.F.);
#2504=ORIENTED_EDGE('',*,*,#2185,.F.);
#2505=ORIENTED_EDGE('',*,*,#2181,.F.);
#2506=ORIENTED_EDGE('',*,*,#2177,.F.);
#2507=ORIENTED_EDGE('',*,*,#2173,.F.);
#2508=ORIENTED_EDGE('',*,*,#2169,.F.);
#2509=ORIENTED_EDGE('',*,*,#2165,.F.);
#2510=ORIENTED_EDGE('',*,*,#2161,.F.);
#2511=ORIENTED_EDGE('',*,*,#2157,.F.);
#2512=ORIENTED_EDGE('',*,*,#2153,.F.);
#2513=ORIENTED_EDGE('',*,*,#2149,.F.);
#2514=ORIENTED_EDGE('',*,*,#2145,.F.);
#2515=ORIENTED_EDGE('',*,*,#2141,.F.);
#2516=ORIENTED_EDGE('',*,*,#2137,.F.);
#2517=ORIENTED_EDGE('',*,*,#2133,.F.);
#2518=ORIENTED_EDGE('',*,*,#2129,.F.);
#2519=ORIENTED_EDGE('',*,*,#2125,.F.);
#2520=ORIENTED_EDGE('',*,*,#2121,.F.);
#2521=ORIENTED_EDGE('',*,*,#2117,.F.);
#2522=ORIENTED_EDGE('',*,*,#2113,.F.);
#2523=ORIENTED_EDGE('',*,*,#2109,.F.);
#2524=ORIENTED_EDGE('',*,*,#2105,.F.);
#2525=ORIENTED_EDGE('',*,*,#2101,.F.);
#2526=ORIENTED_EDGE('',*,*,#2097,.F.);
#2527=ORIENTED_EDGE('',*,*,#2093,.F.);
#2528=ORIENTED_EDGE('',*,*,#2089,.F.);
#2529=ORIENTED_EDGE('',*,*,#2085,.F.);
#2530=ORIENTED_EDGE('',*,*,#2081,.F.);
#2531=ORIENTED_EDGE('',*,*,#2077,.F.);
#2532=ORIENTED_EDGE('',*,*,#2073,.F.);
#2533=ORIENTED_EDGE('',*,*,#2069,.F.);
#2534=ORIENTED_EDGE('',*,*,#2065,.F.);
#2535=ORIENTED_EDGE('',*,*,#2061,.F.);
#2536=ORIENTED_EDGE('',*,*,#2057,.F.);
#2537=ORIENTED_EDGE('',*,*,#2053,.F.);
#2538=ORIENTED_EDGE('',*,*,#2049,.F.);
#2539=ORIENTED_EDGE('',*,*,#2045,.F.);
#2540=ORIENTED_EDGE('',*,*,#2041,.F.);
#2541=ORIENTED_EDGE('',*,*,#2037,.F.);
#2542=ORIENTED_EDGE('',*,*,#2033,.F.);
#2543=ORIENTED_EDGE('',*,*,#2029,.F.);
#2544=ORIENTED_EDGE('',*,*,#2025,.F.);
#2545=ORIENTED_EDGE('',*,*,#2021,.F.);
#2546=ORIENTED_EDGE('',*,*,#2017,.F.);
#2547=ORIENTED_EDGE('',*,*,#2013,.F.);
#2548=ORIENTED_EDGE('',*,*,#2009,.F.);
#2549=ORIENTED_EDGE('',*,*,#2005,.F.);
#2550=ORIENTED_EDGE('',*,*,#2001,.F.);
#2551=ORIENTED_EDGE('',*,*,#1997,.F.);
#2552=ORIENTED_EDGE('',*,*,#1993,.F.);
#2553=ORIENTED_EDGE('',*,*,#1989,.F.);
#2554=ORIENTED_EDGE('',*,*,#1985,.F.);
#2555=ORIENTED_EDGE('',*,*,#1981,.F.);
#2556=ORIENTED_EDGE('',*,*,#1977,.F.);
#2557=EDGE_LOOP('',(#2461,#2462,#2463,#2464,#2465,#2466,#2467,#2468,#2469,#2470,#2471,#2472,#2473,#2474,#2475,#2476,#2477,#2478,#2479,#2480,#2481,#2482,#2483,#2484,#2485,#2486,#2487,#2488,#2489,#2490,#2491,#2492,#2493,#2494,#2495,#2496,#2497,#2498,#2499,#2500,#2501,#2502,#2503,#2504,#2505,#2506,#2507,#2508,#2509,#2510,#2511,#2512,#2513,#2514,#2515,#2516,#2517,#2518,#2519,#2520,#2521,#2522,#2523,#2524,#2525,#2526,#2527,#2528,#2529,#2530,#2531,#2532,#2533,#2534,#2535,#2536,#2537,#2538,#2539,#2540,#2541,#2542,#2543,#2544,#2545,#2546,#2547,#2548,#2549,#2550,#2551,#2552,#2553,#2554,#2555,#2556));
#2558=FACE_BOUND('',#2557,.T.);
#2559=ADVANCED_FACE('',(#2460,#2558),#2362,.T.);
#2560=DIRECTION('',(0.,0.,-1.));
#2561=DIRECTION('',(0.,1.,0.));
#2562=AXIS2_PLACEMENT_3D('',#794,#2560,#2561);
#2563=PLANE('',#2562);
#2564=ORIENTED_EDGE('',*,*,#803,.T.);
#2565=ORIENTED_EDGE('',*,*,#807,.T.);
#2566=ORIENTED_EDGE('',*,*,#811,.T.);
#2567=ORIENTED_EDGE('',*,*,#815,.T.);
#2568=ORIENTED_EDGE('',*,*,#819,.T.);
#2569=ORIENTED_EDGE('',*,*,#823,.T.);
#2570=ORIENTED_EDGE('',*,*,#827,.T.);
#2571=ORIENTED_EDGE('',*,*,#831,.T.);
#2572=ORIENTED_EDGE('',*,*,#835,.T.);
#2573=ORIENTED_EDGE('',*,*,#839,.T.);
#2574=ORIENTED_EDGE('',*,*,#843,.T.);
#2575=ORIENTED_EDGE('',*,*,#847,.T.);
#2576=ORIENTED_EDGE('',*,*,#851,.T.);
#2577=ORIENTED_EDGE('',*,*,#855,.T.);
#2578=ORIENTED_EDGE('',*,*,#859,.T.);
#2579=ORIENTED_EDGE('',*,*,#863,.T.);
#2580=ORIENTED_EDGE('',*,*,#867,.T.);
#2581=ORIENTED_EDGE('',*,*,#871,.T.);
#2582=ORIENTED_EDGE('',*,*,#875,.T.);
#2583=ORIENTED_EDGE('',*,*,#879,.T.);
#2584=ORIENTED_EDGE('',*,*,#883,.T.);
#2585=ORIENTED_EDGE('',*,*,#887,.T.);
#2586=ORIENTED_EDGE('',*,*,#891,.T.);
#2587=ORIENTED_EDGE('',*,*,#895,.T.);
#2588=ORIENTED_EDGE('',*,*,#899,.T.);
#2589=ORIENTED_EDGE('',*,*,#903,.T.);
#2590=ORIENTED_EDGE('',*,*,#907,.T.);
#2591=ORIENTED_EDGE('',*,*,#911,.T.);
#2592=ORIENTED_EDGE('',*,*,#915,.T.);
#2593=ORIENTED_EDGE('',*,*,#919,.T.);
#2594=ORIENTED_EDGE('',*,*,#923,.T.);
#2595=ORIENTED_EDGE('',*,*,#927,.T.);
#2596=ORIENTED_EDGE('',*,*,#931,.T.);
#2597=ORIENTED_EDGE('',*,*,#935,.T.);
#2598=ORIENTED_EDGE('',*,*,#939,.T.);
#2599=ORIENTED_EDGE('',*,*,#943,.T.);
#2600=ORIENTED_EDGE('',*,*,#947,.T.);
#2601=ORIENTED_EDGE('',*,*,#951,.T.);
#2602=ORIENTED_EDGE('',*,*,#955,.T.);
#2603=ORIENTED_EDGE('',*,*,#959,.T.);
#2604=ORIENTED_EDGE('',*,*,#963,.T.);
#2605=ORIENTED_EDGE('',*,*,#967,.T.);
#2606=ORIENTED_EDGE('',*,*,#971,.T.);
#2607=ORIENTED_EDGE('',*,*,#975,.T.);
#2608=ORIENTED_EDGE('',*,*,#979,.T.);
#2609=ORIENTED_EDGE('',*,*,#983,.T.);
#2610=ORIENTED_EDGE('',*,*,#987,.T.);
#2611=ORIENTED_EDGE('',*,*,#991,.T.);
#2612=ORIENTED_EDGE('',*,*,#995,.T.);
#2613=ORIENTED_EDGE('',*,*,#999,.T.);
#2614=ORIENTED_EDGE('',*,*,#1003,.T.);
#2615=ORIENTED_EDGE('',*,*,#1007,.T.);
#2616=ORIENTED_EDGE('',*,*,#1011,.T.);
#2617=ORIENTED_EDGE('',*,*,#1015,.T.);
#2618=ORIENTED_EDGE('',*,*,#1019,.T.);
#2619=ORIENTED_EDGE('',*,*,#1023,.T.);
#2620=ORIENTED_EDGE('',*,*,#1027,.T.);
#2621=ORIENTED_EDGE('',*,*,#1031,.T.);
#2622=ORIENTED_EDGE('',*,*,#1035,.T.);
#2623=ORIENTED_EDGE('',*,*,#1039,.T.);
#2624=ORIENTED_EDGE('',*,*,#1043,.T.);
#2625=ORIENTED_EDGE('',*,*,#1047,.T.);
#2626=ORIENTED_EDGE('',*,*,#1051,.T.);
#2627=ORIENTED_EDGE('',*,*,#1055,.T.);
#2628=ORIENTED_EDGE('',*,*,#1059,.T.);
#2629=ORIENTED_EDGE('',*,*,#1063,.T.);
#2630=ORIENTED_EDGE('',*,*,#1067,.T.);
#2631=ORIENTED_EDGE('',*,*,#1071,.T.);
#2632=ORIENTED_EDGE('',*,*,#1075,.T.);
#2633=ORIENTED_EDGE('',*,*,#1079,.T.);
#2634=ORIENTED_EDGE('',*,*,#1083,.T.);
#2635=ORIENTED_EDGE('',*,*,#1087,.T.);
#2636=ORIENTED_EDGE('',*,*,#1091,.T.);
#2637=ORIENTED_EDGE('',*,*,#1095,.T.);
#2638=ORIENTED_EDGE('',*,*,#1099,.T.);
#2639=ORIENTED_EDGE('',*,*,#1103,.T.);
#2640=ORIENTED_EDGE('',*,*,#1107,.T.);
#2641=ORIENTED_EDGE('',*,*,#1111,.T.);
#2642=ORIENTED_EDGE('',*,*,#1115,.T.);
#2643=ORIENTED_EDGE('',*,*,#1119,.T.);
#2644=ORIENTED_EDGE('',*,*,#1123,.T.);
#2645=ORIENTED_EDGE('',*,*,#1127,.T.);
#2646=ORIENTED_EDGE('',*,*,#1131,.T.);
#2647=ORIENTED_EDGE('',*,*,#1135,.T.);
#2648=ORIENTED_EDGE('',*,*,#1139,.T.);
#2649=ORIENTED_EDGE('',*,*,#1143,.T.);
#2650=ORIENTED_EDGE('',*,*,#1147,.T.);
#2651=ORIENTED_EDGE('',*,*,#1151,.T.);
#2652=ORIENTED_EDGE('',*,*,#1155,.T.);
#2653=ORIENTED_EDGE('',*,*,#1159,.T.);
#2654=ORIENTED_EDGE('',*,*,#1163,.T.);
#2655=ORIENTED_EDGE('',*,*,#1167,.T.);
#2656=ORIENTED_EDGE('',*,*,#1171,.T.);
#2657=ORIENTED_EDGE('',*,*,#1175,.T.);
#2658=ORIENTED_EDGE('',*,*,#1179,.T.);
#2659=ORIENTED_EDGE('',*,*,#1181,.T.);
#2660=EDGE_LOOP('',(#2564,#2565,#2566,#2567,#2568,#2569,#2570,#2571,#2572,#2573,#2574,#2575,#2576,#2577,#2578,#2579,#2580,#2581,#2582,#2583,#2584,#2585,#2586,#2587,#2588,#2589,#2590,#2591,#2592,#2593,#2594,#2595,#2596,#2597,#2598,#2599,#2600,#2601,#2602,#2603,#2604,#2605,#2606,#2607,#2608,#2609,#2610,#2611,#2612,#2613,#2614,#2615,#2616,#2617,#2618,#2619,#2620,#2621,#2622,#2623,#2624,#2625,#2626,#2627,#2628,#2629,#2630,#2631,#2632,#2633,#2634,#2635,#2636,#2637,#2638,#2639,#2640,#2641,#2642,#2643,#2644,#2645,#2646,#2647,#2648,#2649,#2650,#2651,#2652,#2653,#2654,#2655,#2656,#2657,#2658,#2659));
#2661=FACE_OUTER_BOUND('',#2660,.T.);
#2662=ORIENTED_EDGE('',*,*,#1587,.T.);
#2663=ORIENTED_EDGE('',*,*,#1591,.T.);
#2664=ORIENTED_EDGE('',*,*,#1595,.T.);
#2665=ORIENTED_EDGE('',*,*,#1599,.T.);
#2666=ORIENTED_EDGE('',*,*,#1603,.T.);
#2667=ORIENTED_EDGE('',*,*,#1607,.T.);
#2668=ORIENTED_EDGE('',*,*,#1611,.T.);
#2669=ORIENTED_EDGE('',*,*,#1615,.T.);
#2670=ORIENTED_EDGE('',*,*,#1619,.T.);
#2671=ORIENTED_EDGE('',*,*,#1623,.T.);
#2672=ORIENTED_EDGE('',*,*,#1627,.T.);
#2673=ORIENTED_EDGE('',*,*,#1631,.T.);
#2674=ORIENTED_EDGE('',*,*,#1635,.T.);
#2675=ORIENTED_EDGE('',*,*,#1639,.T.);
#2676=ORIENTED_EDGE('',*,*,#1643,.T.);
#2677=ORIENTED_EDGE('',*,*,#1647,.T.);
#2678=ORIENTED_EDGE('',*,*,#1651,.T.);
#2679=ORIENTED_EDGE('',*,*,#1655,.T.);
#2680=ORIENTED_EDGE('',*,*,#1659,.T.);
#2681=ORIENTED_EDGE('',*,*,#1663,.T.);
#2682=ORIENTED_EDGE('',*,*,#1667,.T.);
#2683=ORIENTED_EDGE('',*,*,#1671,.T.);
#2684=ORIENTED_EDGE('',*,*,#1675,.T.);
#2685=ORIENTED_EDGE('',*,*,#1679,.T.);
#2686=ORIENTED_EDGE('',*,*,#1683,.T.);
#2687=ORIENTED_EDGE('',*,*,#1687,.T.);
#2688=ORIENTED_EDGE('',*,*,#1691,.T.);
#2689=ORIENTED_EDGE('',*,*,#1695,.T.);
#2690=ORIENTED_EDGE('',*,*,#1699,.T.);
#2691=ORIENTED_EDGE('',*,*,#1703,.T.);
#2692=ORIENTED_EDGE('',*,*,#1707,.T.);
#2693=ORIENTED_EDGE('',*,*,#1711,.T.);
#2694=ORIENTED_EDGE('',*,*,#1715,.T.);
#2695=ORIENTED_EDGE('',*,*,#1719,.T.);
#2696=ORIENTED_EDGE('',*,*,#1723,.T.);
#2697=ORIENTED_EDGE('',*,*,#1727,.T.);
#2698=ORIENTED_EDGE('',*,*,#1731,.T.);
#2699=ORIENTED_EDGE('',*,*,#1735,.T.);
#2700=ORIENTED_EDGE('',*,*,#1739,.T.);
#2701=ORIENTED_EDGE('',*,*,#1743,.T.);
#2702=ORIENTED_EDGE('',*,*,#1747,.T.);
#2703=ORIENTED_EDGE('',*,*,#1751,.T.);
#2704=ORIENTED_EDGE('',*,*,#1755,.T.);
#2705=ORIENTED_EDGE('',*,*,#1759,.T.);
#2706=ORIENTED_EDGE('',*,*,#1763,.T.);
#2707=ORIENTED_EDGE('',*,*,#1767,.T.);
#2708=ORIENTED_EDGE('',*,*,#1771,.T.);
#2709=ORIENTED_EDGE('',*,*,#1775,.T.);
#2710=ORIENTED_EDGE('',*,*,#1779,.T.);
#2711=ORIENTED_EDGE('',*,*,#1783,.T.);
#2712=ORIENTED_EDGE('',*,*,#1787,.T.);
#2713=ORIENTED_EDGE('',*,*,#1791,.T.);
#2714=ORIENTED_EDGE('',*,*,#1795,.T.);
#2715=ORIENTED_EDGE('',*,*,#1799,.T.);
#2716=ORIENTED_EDGE('',*,*,#1803,.T.);
#2717=ORIENTED_EDGE('',*,*,#1807,.T.);
#2718=ORIENTED_EDGE('',*,*,#1811,.T.);
#2719=ORIENTED_EDGE('',*,*,#1815,.T.);
#2720=ORIENTED_EDGE('',*,*,#1819,.T.);
#2721=ORIENTED_EDGE('',*,*,#1823,.T.);
#2722=ORIENTED_EDGE('',*,*,#1827,.T.);
#2723=ORIENTED_EDGE('',*,*,#1831,.T.);
#2724=ORIENTED_EDGE('',*,*,#1835,.T.);
#2725=ORIENTED_EDGE('',*,*,#1839,.T.);
#2726=ORIENTED_EDGE('',*,*,#1843,.T.);
#2727=ORIENTED_EDGE('',*,*,#1847,.T.);
#2728=ORIENTED_EDGE('',*,*,#1851,.T.);
#2729=ORIENTED_EDGE('',*,*,#1855,.T.);
#2730=ORIENTED_EDGE('',*,*,#1859,.T.);
#2731=ORIENTED_EDGE('',*,*,#1863,.T.);
#2732=ORIENTED_EDGE('',*,*,#1867,.T.);
#2733=ORIENTED_EDGE('',*,*,#1871,.T.);
#2734=ORIENTED_EDGE('',*,*,#1875,.T.);
#2735=ORIENTED_EDGE('',*,*,#1879,.T.);
#2736=ORIENTED_EDGE('',*,*,#1883,.T.);
#2737=ORIENTED_EDGE('',*,*,#1887,.T.);
#2738=ORIENTED_EDGE('',*,*,#1891,.T.);
#2739=ORIENTED_EDGE('',*,*,#1895,.T.);
#2740=ORIENTED_EDGE('',*,*,#1899,.T.);
#2741=ORIENTED_EDGE('',*,*,#1903,.T.);
#2742=ORIENTED_EDGE('',*,*,#1907,.T.);
#2743=ORIENTED_EDGE('',*,*,#1911,.T.);
#2744=ORIENTED_EDGE('',*,*,#1915,.T.);
#2745=ORIENTED_EDGE('',*,*,#1919,.T.);
#2746=ORIENTED_EDGE('',*,*,#1923,.T.);
#2747=ORIENTED_EDGE('',*,*,#1927,.T.);
#2748=ORIENTED_EDGE('',*,*,#1931,.T.);
#2749=ORIENTED_EDGE('',*,*,#1935,.T.);
#2750=ORIENTED_EDGE('',*,*,#1939,.T.);
#2751=ORIENTED_EDGE('',*,*,#1943,.T.);
#2752=ORIENTED_EDGE('',*,*,#1947,.T.);
#2753=ORIENTED_EDGE('',*,*,#1951,.T.);
#2754=ORIENTED_EDGE('',*,*,#1955,.T.);
#2755=ORIENTED_EDGE('',*,*,#1959,.T.);
#2756=ORIENTED_EDGE('',*,*,#1963,.T.);
#2757=ORIENTED_EDGE('',*,*,#1965,.T.);
#2758=EDGE_LOOP('',(#2662,#2663,#2664,#2665,#2666,#2667,#2668,#2669,#2670,#2671,#2672,#2673,#2674,#2675,#2676,#2677,#2678,#2679,#2680,#2681,#2682,#2683,#2684,#2685,#2686,#2687,#2688,#2689,#2690,#2691,#2692,#2693,#2694,#2695,#2696,#2697,#2698,#2699,#2700,#2701,#2702,#2703,#2704,#2705,#2706,#2707,#2708,#2709,#2710,#2711,#2712,#2713,#2714,#2715,#2716,#2717,#2718,#2719,#2720,#2721,#2722,#2723,#2724,#2725,#2726,#2727,#2728,#2729,#2730,#2731,#2732,#2733,#2734,#2735,#2736,#2737,#2738,#2739,#2740,#2741,#2742,#2743,#2744,#2745,#2746,#2747,#2748,#2749,#2750,#2751,#2752,#2753,#2754,#2755,#2756,#2757));
#2759=FACE_BOUND('',#2758,.T.);
#2760=ADVANCED_FACE('',(#2661,#2759),#2563,.T.);
#2761=AXIS2_PLACEMENT_3D('',#6,#11,#8);
#2762=PLANE('',#2761);
#2763=CARTESIAN_POINT('',(60.,0.,41.));
#2764=DIRECTION('',(-0.49999999999999994,0.8660254037844387,0.));
#2765=VECTOR('',#2764,59.99999999999999);
#2766=LINE('',#2763,#2765);
#2767=VERTEX_POINT('',#2763);
#2768=CARTESIAN_POINT('',(30.000000000000007,51.96152422706631,41.));
#2769=VERTEX_POINT('',#2768);
#2770=EDGE_CURVE('',#2767,#2769,#2766,.T.);
#2771=ORIENTED_EDGE('',*,*,#2770,.T.);
#2772=DIRECTION('',(-1.,1.1842378929335005E-16,0.));
#2773=VECTOR('',#2772,59.99999999999999);
#2774=LINE('',#2768,#2773);
#2775=CARTESIAN_POINT('',(-29.999999999999986,51.96152422706632,41.));
#2776=VERTEX_POINT('',#2775);
#2777=EDGE_CURVE('',#2769,#2776,#2774,.T.);
#2778=ORIENTED_EDGE('',*,*,#2777,.T.);
#2779=DIRECTION('',(-0.5000000000000002,-0.8660254037844385,0.));
#2780=VECTOR('',#2779,60.00000000000001);
#2781=LINE('',#2775,#2780);
#2782=CARTESIAN_POINT('',(-60.,7.34788079488412E-15,41.));
#2783=VERTEX_POINT('',#2782);
#2784=EDGE_CURVE('',#2776,#2783,#2781,.T.);
#2785=ORIENTED_EDGE('',*,*,#2784,.T.);
#2786=DIRECTION('',(0.4999999999999997,-0.8660254037844388,0.));
#2787=VECTOR('',#2786,59.99999999999998);
#2788=LINE('',#2782,#2787);
#2789=CARTESIAN_POINT('',(-30.00000000000003,-51.961524227066306,41.));
#2790=VERTEX_POINT('',#2789);
#2791=EDGE_CURVE('',#2783,#2790,#2788,.T.);
#2792=ORIENTED_EDGE('',*,*,#2791,.T.);
#2793=DIRECTION('',(1.,-1.1842378929334996E-16,0.));
#2794=VECTOR('',#2793,60.000000000000036);
#2795=LINE('',#2789,#2794);
#2796=CARTESIAN_POINT('',(30.000000000000007,-51.96152422706631,41.));
#2797=VERTEX_POINT('',#2796);
#2798=EDGE_CURVE('',#2790,#2797,#2795,.T.);
#2799=ORIENTED_EDGE('',*,*,#2798,.T.);
#2800=DIRECTION('',(0.49999999999999994,0.8660254037844387,0.));
#2801=VECTOR('',#2800,59.99999999999999);
#2802=LINE('',#2796,#2801);
#2803=EDGE_CURVE('',#2797,#2767,#2802,.T.);
#2804=ORIENTED_EDGE('',*,*,#2803,.T.);
#2805=EDGE_LOOP('',(#2771,#2778,#2785,#2792,#2799,#2804));
#2806=FACE_OUTER_BOUND('',#2805,.T.);
#2807=ORIENTED_EDGE('',*,*,#18,.T.);
#2808=ORIENTED_EDGE('',*,*,#22,.T.);
#2809=ORIENTED_EDGE('',*,*,#26,.T.);
#2810=ORIENTED_EDGE('',*,*,#30,.T.);
#2811=ORIENTED_EDGE('',*,*,#34,.T.);
#2812=ORIENTED_EDGE('',*,*,#38,.T.);
#2813=ORIENTED_EDGE('',*,*,#42,.T.);
#2814=ORIENTED_EDGE('',*,*,#46,.T.);
#2815=ORIENTED_EDGE('',*,*,#50,.T.);
#2816=ORIENTED_EDGE('',*,*,#54,.T.);
#2817=ORIENTED_EDGE('',*,*,#58,.T.);
#2818=ORIENTED_EDGE('',*,*,#62,.T.);
#2819=ORIENTED_EDGE('',*,*,#66,.T.);
#2820=ORIENTED_EDGE('',*,*,#70,.T.);
#2821=ORIENTED_EDGE('',*,*,#74,.T.);
#2822=ORIENTED_EDGE('',*,*,#78,.T.);
#2823=ORIENTED_EDGE('',*,*,#82,.T.);
#2824=ORIENTED_EDGE('',*,*,#86,.T.);
#2825=ORIENTED_EDGE('',*,*,#90,.T.);
#2826=ORIENTED_EDGE('',*,*,#94,.T.);
#2827=ORIENTED_EDGE('',*,*,#98,.T.);
#2828=ORIENTED_EDGE('',*,*,#102,.T.);
#2829=ORIENTED_EDGE('',*,*,#106,.T.);
#2830=ORIENTED_EDGE('',*,*,#110,.T.);
#2831=ORIENTED_EDGE('',*,*,#114,.T.);
#2832=ORIENTED_EDGE('',*,*,#118,.T.);
#2833=ORIENTED_EDGE('',*,*,#122,.T.);
#2834=ORIENTED_EDGE('',*,*,#126,.T.);
#2835=ORIENTED_EDGE('',*,*,#130,.T.);
#2836=ORIENTED_EDGE('',*,*,#134,.T.);
#2837=ORIENTED_EDGE('',*,*,#138,.T.);
#2838=ORIENTED_EDGE('',*,*,#142,.T.);
#2839=ORIENTED_EDGE('',*,*,#146,.T.);
#2840=ORIENTED_EDGE('',*,*,#150,.T.);
#2841=ORIENTED_EDGE('',*,*,#154,.T.);
#2842=ORIENTED_EDGE('',*,*,#158,.T.);
#2843=ORIENTED_EDGE('',*,*,#162,.T.);
#2844=ORIENTED_EDGE('',*,*,#166,.T.);
#2845=ORIENTED_EDGE('',*,*,#170,.T.);
#2846=ORIENTED_EDGE('',*,*,#174,.T.);
#2847=ORIENTED_EDGE('',*,*,#178,.T.);
#2848=ORIENTED_EDGE('',*,*,#182,.T.);
#2849=ORIENTED_EDGE('',*,*,#186,.T.);
#2850=ORIENTED_EDGE('',*,*,#190,.T.);
#2851=ORIENTED_EDGE('',*,*,#194,.T.);
#2852=ORIENTED_EDGE('',*,*,#198,.T.);
#2853=ORIENTED_EDGE('',*,*,#202,.T.);
#2854=ORIENTED_EDGE('',*,*,#206,.T.);
#2855=ORIENTED_EDGE('',*,*,#210,.T.);
#2856=ORIENTED_EDGE('',*,*,#214,.T.);
#2857=ORIENTED_EDGE('',*,*,#218,.T.);
#2858=ORIENTED_EDGE('',*,*,#222,.T.);
#2859=ORIENTED_EDGE('',*,*,#226,.T.);
#2860=ORIENTED_EDGE('',*,*,#230,.T.);
#2861=ORIENTED_EDGE('',*,*,#234,.T.);
#2862=ORIENTED_EDGE('',*,*,#238,.T.);
#2863=ORIENTED_EDGE('',*,*,#242,.T.);
#2864=ORIENTED_EDGE('',*,*,#246,.T.);
#2865=ORIENTED_EDGE('',*,*,#250,.T.);
#2866=ORIENTED_EDGE('',*,*,#254,.T.);
#2867=ORIENTED_EDGE('',*,*,#258,.T.);
#2868=ORIENTED_EDGE('',*,*,#262,.T.);
#2869=ORIENTED_EDGE('',*,*,#266,.T.);
#2870=ORIENTED_EDGE('',*,*,#270,.T.);
#2871=ORIENTED_EDGE('',*,*,#274,.T.);
#2872=ORIENTED_EDGE('',*,*,#278,.T.);
#2873=ORIENTED_EDGE('',*,*,#282,.T.);
#2874=ORIENTED_EDGE('',*,*,#286,.T.);
#2875=ORIENTED_EDGE('',*,*,#290,.T.);
#2876=ORIENTED_EDGE('',*,*,#294,.T.);
#2877=ORIENTED_EDGE('',*,*,#298,.T.);
#2878=ORIENTED_EDGE('',*,*,#302,.T.);
#2879=ORIENTED_EDGE('',*,*,#306,.T.);
#2880=ORIENTED_EDGE('',*,*,#310,.T.);
#2881=ORIENTED_EDGE('',*,*,#314,.T.);
#2882=ORIENTED_EDGE('',*,*,#318,.T.);
#2883=ORIENTED_EDGE('',*,*,#322,.T.);
#2884=ORIENTED_EDGE('',*,*,#326,.T.);
#2885=ORIENTED_EDGE('',*,*,#330,.T.);
#2886=ORIENTED_EDGE('',*,*,#334,.T.);
#2887=ORIENTED_EDGE('',*,*,#338,.T.);
#2888=ORIENTED_EDGE('',*,*,#342,.T.);
#2889=ORIENTED_EDGE('',*,*,#346,.T.);
#2890=ORIENTED_EDGE('',*,*,#350,.T.);
#2891=ORIENTED_EDGE('',*,*,#354,.T.);
#2892=ORIENTED_EDGE('',*,*,#358,.T.);
#2893=ORIENTED_EDGE('',*,*,#362,.T.);
#2894=ORIENTED_EDGE('',*,*,#366,.T.);
#2895=ORIENTED_EDGE('',*,*,#370,.T.);
#2896=ORIENTED_EDGE('',*,*,#374,.T.);
#2897=ORIENTED_EDGE('',*,*,#378,.T.);
#2898=ORIENTED_EDGE('',*,*,#382,.T.);
#2899=ORIENTED_EDGE('',*,*,#386,.T.);
#2900=ORIENTED_EDGE('',*,*,#390,.T.);
#2901=ORIENTED_EDGE('',*,*,#394,.T.);
#2902=ORIENTED_EDGE('',*,*,#396,.T.);
#2903=EDGE_LOOP('',(#2807,#2808,#2809,#2810,#2811,#2812,#2813,#2814,#2815,#2816,#2817,#2818,#2819,#2820,#2821,#2822,#2823,#2824,#2825,#2826,#2827,#2828,#2829,#2830,#2831,#2832,#2833,#2834,#2835,#2836,#2837,#2838,#2839,#2840,#2841,#2842,#2843,#2844,#2845,#2846,#2847,#2848,#2849,#2850,#2851,#2852,#2853,#2854,#2855,#2856,#2857,#2858,#2859,#2860,#2861,#2862,#2863,#2864,#2865,#2866,#2867,#2868,#2869,#2870,#2871,#2872,#2873,#2874,#2875,#2876,#2877,#2878,#2879,#2880,#2881,#2882,#2883,#2884,#2885,#2886,#2887,#2888,#2889,#2890,#2891,#2892,#2893,#2894,#2895,#2896,#2897,#2898,#2899,#2900,#2901,#2902));
#2904=FACE_BOUND('',#2903,.T.);
#2905=ADVANCED_FACE('',(#2806,#2904),#2762,.T.);
#2906=AXIS2_PLACEMENT_3D('',#1190,#2560,#2561);
#2907=PLANE('',#2906);
#2908=CARTESIAN_POINT('',(60.,0.,5.));
#2909=VECTOR('',#2764,59.99999999999999);
#2910=LINE('',#2908,#2909);
#2911=VERTEX_POINT('',#2908);
#2912=CARTESIAN_POINT('',(30.000000000000007,51.96152422706631,5.));
#2913=VERTEX_POINT('',#2912);
#2914=EDGE_CURVE('',#2911,#2913,#2910,.T.);
#2915=ORIENTED_EDGE('',*,*,#2914,.T.);
#2916=VECTOR('',#2772,59.99999999999999);
#2917=LINE('',#2912,#2916);
#2918=CARTESIAN_POINT('',(-29.999999999999986,51.96152422706632,5.));
#2919=VERTEX_POINT('',#2918);
#2920=EDGE_CURVE('',#2913,#2919,#2917,.T.);
#2921=ORIENTED_EDGE('',*,*,#2920,.T.);
#2922=VECTOR('',#2779,60.00000000000001);
#2923=LINE('',#2918,#2922);
#2924=CARTESIAN_POINT('',(-60.,7.34788079488412E-15,5.));
#2925=VERTEX_POINT('',#2924);
#2926=EDGE_CURVE('',#2919,#2925,#2923,.T.);
#2927=ORIENTED_EDGE('',*,*,#2926,.T.);
#2928=VECTOR('',#2786,59.99999999999998);
#2929=LINE('',#2924,#2928);
#2930=CARTESIAN_POINT('',(-30.00000000000003,-51.961524227066306,5.));
#2931=VERTEX_POINT('',#2930);
#2932=EDGE_CURVE('',#2925,#2931,#2929,.T.);
#2933=ORIENTED_EDGE('',*,*,#2932,.T.);
#2934=VECTOR('',#2793,60.000000000000036);
#2935=LINE('',#2930,#2934);
#2936=CARTESIAN_POINT('',(30.000000000000007,-51.96152422706631,5.));
#2937=VERTEX_POINT('',#2936);
#2938=EDGE_CURVE('',#2931,#2937,#2935,.T.);
#2939=ORIENTED_EDGE('',*,*,#2938,.T.);
#2940=VECTOR('',#2800,59.99999999999999);
#2941=LINE('',#2936,#2940);
#2942=EDGE_CURVE('',#2937,#2911,#2941,.T.);
#2943=ORIENTED_EDGE('',*,*,#2942,.T.);
#2944=EDGE_LOOP('',(#2915,#2921,#2927,#2933,#2939,#2943));
#2945=FACE_OUTER_BOUND('',#2944,.T.);
#2946=ORIENTED_EDGE('',*,*,#1573,.F.);
#2947=ORIENTED_EDGE('',*,*,#1571,.F.);
#2948=ORIENTED_EDGE('',*,*,#1567,.F.);
#2949=ORIENTED_EDGE('',*,*,#1563,.F.);
#2950=ORIENTED_EDGE('',*,*,#1559,.F.);
#2951=ORIENTED_EDGE('',*,*,#1555,.F.);
#2952=ORIENTED_EDGE('',*,*,#1551,.F.);
#2953=ORIENTED_EDGE('',*,*,#1547,.F.);
#2954=ORIENTED_EDGE('',*,*,#1543,.F.);
#2955=ORIENTED_EDGE('',*,*,#1539,.F.);
#2956=ORIENTED_EDGE('',*,*,#1535,.F.);
#2957=ORIENTED_EDGE('',*,*,#1531,.F.);
#2958=ORIENTED_EDGE('',*,*,#1527,.F.);
#2959=ORIENTED_EDGE('',*,*,#1523,.F.);
#2960=ORIENTED_EDGE('',*,*,#1519,.F.);
#2961=ORIENTED_EDGE('',*,*,#1515,.F.);
#2962=ORIENTED_EDGE('',*,*,#1511,.F.);
#2963=ORIENTED_EDGE('',*,*,#1507,.F.);
#2964=ORIENTED_EDGE('',*,*,#1503,.F.);
#2965=ORIENTED_EDGE('',*,*,#1499,.F.);
#2966=ORIENTED_EDGE('',*,*,#1495,.F.);
#2967=ORIENTED_EDGE('',*,*,#1491,.F.);
#2968=ORIENTED_EDGE('',*,*,#1487,.F.);
#2969=ORIENTED_EDGE('',*,*,#1483,.F.);
#2970=ORIENTED_EDGE('',*,*,#1479,.F.);
#2971=ORIENTED_EDGE('',*,*,#1475,.F.);
#2972=ORIENTED_EDGE('',*,*,#1471,.F.);
#2973=ORIENTED_EDGE('',*,*,#1467,.F.);
#2974=ORIENTED_EDGE('',*,*,#1463,.F.);
#2975=ORIENTED_EDGE('',*,*,#1459,.F.);
#2976=ORIENTED_EDGE('',*,*,#1455,.F.);
#2977=ORIENTED_EDGE('',*,*,#1451,.F.);
#2978=ORIENTED_EDGE('',*,*,#1447,.F.);
#2979=ORIENTED_EDGE('',*,*,#1443,.F.);
#2980=ORIENTED_EDGE('',*,*,#1439,.F.);
#2981=ORIENTED_EDGE('',*,*,#1435,.F.);
#2982=ORIENTED_EDGE('',*,*,#1431,.F.);
#2983=ORIENTED_EDGE('',*,*,#1427,.F.);
#2984=ORIENTED_EDGE('',*,*,#1423,.F.);
#2985=ORIENTED_EDGE('',*,*,#1419,.F.);
#2986=ORIENTED_EDGE('',*,*,#1415,.F.);
#2987=ORIENTED_EDGE('',*,*,#1411,.F.);
#2988=ORIENTED_EDGE('',*,*,#1407,.F.);
#2989=ORIENTED_EDGE('',*,*,#1403,.F.);
#2990=ORIENTED_EDGE('',*,*,#1399,.F.);
#2991=ORIENTED_EDGE('',*,*,#1395,.F.);
#2992=ORIENTED_EDGE('',*,*,#1391,.F.);
#2993=ORIENTED_EDGE('',*,*,#1387,.F.);
#2994=ORIENTED_EDGE('',*,*,#1383,.F.);
#2995=ORIENTED_EDGE('',*,*,#1379,.F.);
#2996=ORIENTED_EDGE('',*,*,#1375,.F.);
#2997=ORIENTED_EDGE('',*,*,#1371,.F.);
#2998=ORIENTED_EDGE('',*,*,#1367,.F.);
#2999=ORIENTED_EDGE('',*,*,#1363,.F.);
#3000=ORIENTED_EDGE('',*,*,#1359,.F.);
#3001=ORIENTED_EDGE('',*,*,#1355,.F.);
#3002=ORIENTED_EDGE('',*,*,#1351,.F.);
#3003=ORIENTED_EDGE('',*,*,#1347,.F.);
#3004=ORIENTED_EDGE('',*,*,#1343,.F.);
#3005=ORIENTED_EDGE('',*,*,#1339,.F.);
#3006=ORIENTED_EDGE('',*,*,#1335,.F.);
#3007=ORIENTED_EDGE('',*,*,#1331,.F.);
#3008=ORIENTED_EDGE('',*,*,#1327,.F.);
#3009=ORIENTED_EDGE('',*,*,#1323,.F.);
#3010=ORIENTED_EDGE('',*,*,#1319,.F.);
#3011=ORIENTED_EDGE('',*,*,#1315,.F.);
#3012=ORIENTED_EDGE('',*,*,#1311,.F.);
#3013=ORIENTED_EDGE('',*,*,#1307,.F.);
#3014=ORIENTED_EDGE('',*,*,#1303,.F.);
#3015=ORIENTED_EDGE('',*,*,#1299,.F.);
#3016=ORIENTED_EDGE('',*,*,#1295,.F.);
#3017=ORIENTED_EDGE('',*,*,#1291,.F.);
#3018=ORIENTED_EDGE('',*,*,#1287,.F.);
#3019=ORIENTED_EDGE('',*,*,#1283,.F.);
#3020=ORIENTED_EDGE('',*,*,#1279,.F.);
#3021=ORIENTED_EDGE('',*,*,#1275,.F.);
#3022=ORIENTED_EDGE('',*,*,#1271,.F.);
#3023=ORIENTED_EDGE('',*,*,#1267,.F.);
#3024=ORIENTED_EDGE('',*,*,#1263,.F.);
#3025=ORIENTED_EDGE('',*,*,#1259,.F.);
#3026=ORIENTED_EDGE('',*,*,#1255,.F.);
#3027=ORIENTED_EDGE('',*,*,#1251,.F.);
#3028=ORIENTED_EDGE('',*,*,#1247,.F.);
#3029=ORIENTED_EDGE('',*,*,#1243,.F.);
#3030=ORIENTED_EDGE('',*,*,#1239,.F.);
#3031=ORIENTED_EDGE('',*,*,#1235,.F.);
#3032=ORIENTED_EDGE('',*,*,#1231,.F.);
#3033=ORIENTED_EDGE('',*,*,#1227,.F.);
#3034=ORIENTED_EDGE('',*,*,#1223,.F.);
#3035=ORIENTED_EDGE('',*,*,#1219,.F.);
#3036=ORIENTED_EDGE('',*,*,#1215,.F.);
#3037=ORIENTED_EDGE('',*,*,#1211,.F.);
#3038=ORIENTED_EDGE('',*,*,#1207,.F.);
#3039=ORIENTED_EDGE('',*,*,#1203,.F.);
#3040=ORIENTED_EDGE('',*,*,#1199,.F.);
#3041=ORIENTED_EDGE('',*,*,#1195,.F.);
#3042=EDGE_LOOP('',(#2946,#2947,#2948,#2949,#2950,#2951,#2952,#2953,#2954,#2955,#2956,#2957,#2958,#2959,#2960,#2961,#2962,#2963,#2964,#2965,#2966,#2967,#2968,#2969,#2970,#2971,#2972,#2973,#2974,#2975,#2976,#2977,#2978,#2979,#2980,#2981,#2982,#2983,#2984,#2985,#2986,#2987,#2988,#2989,#2990,#2991,#2992,#2993,#2994,#2995,#2996,#2997,#2998,#2999,#3000,#3001,#3002,#3003,#3004,#3005,#3006,#3007,#3008,#3009,#3010,#3011,#3012,#3013,#3014,#3015,#3016,#3017,#3018,#3019,#3020,#3021,#3022,#3023,#3024,#3025,#3026,#3027,#3028,#3029,#3030,#3031,#3032,#3033,#3034,#3035,#3036,#3037,#3038,#3039,#3040,#3041));
#3043=FACE_BOUND('',#3042,.T.);
#3044=ADVANCED_FACE('',(#2945,#3043),#2907,.T.);
#3045=DIRECTION('',(0.8660254037844387,0.49999999999999994,-0.));
#3046=AXIS2_PLACEMENT_3D('',#2908,#3045,#2764);
#3047=PLANE('',#3046);
#3048=ORIENTED_EDGE('',*,*,#2914,.T.);
#3049=VECTOR('',#11,36.);
#3050=LINE('',#2912,#3049);
#3051=EDGE_CURVE('',#2913,#2769,#3050,.T.);
#3052=ORIENTED_EDGE('',*,*,#3051,.T.);
#3053=ORIENTED_EDGE('',*,*,#2770,.F.);
#3054=VECTOR('',#11,36.);
#3055=LINE('',#2908,#3054);
#3056=EDGE_CURVE('',#2767,#2911,#3055,.F.);
#3057=ORIENTED_EDGE('',*,*,#3056,.T.);
#3058=EDGE_LOOP('',(#3048,#3052,#3053,#3057));
#3059=FACE_OUTER_BOUND('',#3058,.T.);
#3060=ADVANCED_FACE('',(#3059),#3047,.T.);
#3061=DIRECTION('',(1.1842378929335005E-16,1.,-0.));
#3062=AXIS2_PLACEMENT_3D('',#2912,#3061,#2772);
#3063=PLANE('',#3062);
#3064=ORIENTED_EDGE('',*,*,#2920,.T.);
#3065=VECTOR('',#11,36.);
#3066=LINE('',#2918,#3065);
#3067=EDGE_CURVE('',#2919,#2776,#3066,.T.);
#3068=ORIENTED_EDGE('',*,*,#3067,.T.);
#3069=ORIENTED_EDGE('',*,*,#2777,.F.);
#3070=ORIENTED_EDGE('',*,*,#3051,.F.);
#3071=EDGE_LOOP('',(#3064,#3068,#3069,#3070));
#3072=FACE_OUTER_BOUND('',#3071,.T.);
#3073=ADVANCED_FACE('',(#3072),#3063,.T.);
#3074=DIRECTION('',(-0.8660254037844385,0.5000000000000002,0.));
#3075=AXIS2_PLACEMENT_3D('',#2918,#3074,#2779);
#3076=PLANE('',#3075);
#3077=ORIENTED_EDGE('',*,*,#2926,.T.);
#3078=VECTOR('',#11,36.);
#3079=LINE('',#2924,#3078);
#3080=EDGE_CURVE('',#2925,#2783,#3079,.T.);
#3081=ORIENTED_EDGE('',*,*,#3080,.T.);
#3082=ORIENTED_EDGE('',*,*,#2784,.F.);
#3083=ORIENTED_EDGE('',*,*,#3067,.F.);
#3084=EDGE_LOOP('',(#3077,#3081,#3082,#3083));
#3085=FACE_OUTER_BOUND('',#3084,.T.);
#3086=ADVANCED_FACE('',(#3085),#3076,.T.);
#3087=DIRECTION('',(-0.8660254037844388,-0.4999999999999997,0.));
#3088=AXIS2_PLACEMENT_3D('',#2924,#3087,#2786);
#3089=PLANE('',#3088);
#3090=ORIENTED_EDGE('',*,*,#2932,.T.);
#3091=VECTOR('',#11,36.);
#3092=LINE('',#2930,#3091);
#3093=EDGE_CURVE('',#2931,#2790,#3092,.T.);
#3094=ORIENTED_EDGE('',*,*,#3093,.T.);
#3095=ORIENTED_EDGE('',*,*,#2791,.F.);
#3096=ORIENTED_EDGE('',*,*,#3080,.F.);
#3097=EDGE_LOOP('',(#3090,#3094,#3095,#3096));
#3098=FACE_OUTER_BOUND('',#3097,.T.);
#3099=ADVANCED_FACE('',(#3098),#3089,.T.);
#3100=DIRECTION('',(-1.1842378929334996E-16,-1.,0.));
#3101=AXIS2_PLACEMENT_3D('',#2930,#3100,#2793);
#3102=PLANE('',#3101);
#3103=ORIENTED_EDGE('',*,*,#2938,.T.);
#3104=VECTOR('',#11,36.);
#3105=LINE('',#2936,#3104);
#3106=EDGE_CURVE('',#2937,#2797,#3105,.T.);
#3107=ORIENTED_EDGE('',*,*,#3106,.T.);
#3108=ORIENTED_EDGE('',*,*,#2798,.F.);
#3109=ORIENTED_EDGE('',*,*,#3093,.F.);
#3110=EDGE_LOOP('',(#3103,#3107,#3108,#3109));
#3111=FACE_OUTER_BOUND('',#3110,.T.);
#3112=ADVANCED_FACE('',(#3111),#3102,.T.);
#3113=DIRECTION('',(0.8660254037844387,-0.49999999999999994,0.));
#3114=AXIS2_PLACEMENT_3D('',#2936,#3113,#2800);
#3115=PLANE('',#3114);
#3116=ORIENTED_EDGE('',*,*,#2942,.T.);
#3117=ORIENTED_EDGE('',*,*,#3056,.F.);
#3118=ORIENTED_EDGE('',*,*,#2803,.F.);
#3119=ORIENTED_EDGE('',*,*,#3106,.F.);
#3120=EDGE_LOOP('',(#3116,#3117,#3118,#3119));
#3121=FACE_OUTER_BOUND('',#3120,.T.);
#3122=ADVANCED_FACE('',(#3121),#3115,.T.);
#3123=CLOSED_SHELL('',(#793,#1578,#2360,#2559,#2760,#2905,#3044,#3060,#3073,#3086,#3099,#3112,#3122));
#3124=MANIFOLD_SOLID_BREP('',#3123);
#3125=APPLICATION_CONTEXT('configuration controlled 3d designs of mechanical parts and assemblies');
#3126=APPLICATION_PROTOCOL_DEFINITION('international standard','config_control_design',1994,#3125);
#3127=MECHANICAL_CONTEXT('',#3125,'mechanical');
#3128=PRODUCT('1','body','',(#3127));
#3129=PRODUCT_RELATED_PRODUCT_CATEGORY('part',$,(#3128));
#3130=PRODUCT_DEFINITION_FORMATION_WITH_SPECIFIED_SOURCE('1','',#3128,.NOT_KNOWN.);
#3131=DESIGN_CONTEXT('part definition',#3125,'design');
#3132=PRODUCT_DEFINITION('design','',#3130,#3131);
#3133=PRODUCT_DEFINITION_SHAPE('','',#3132);
#3134=AXIS2_PLACEMENT_3D('',#794,#11,#8);
#3135=ADVANCED_BREP_SHAPE_REPRESENTATION('',(#3124,#3134),#5);
#3136=SHAPE_DEFINITION_REPRESENTATION(#3133,#3135);
ENDSEC;
END-ISO-10303-21;
